,Year,Country_name,Loan_prop,Region_clean,Country3code,Population,GDPpercap
1,1990,Algeria,0.019590881,Middle East & North Africa ,DZA,25758869,2408.688815
2,1990,Barbados,0.00169618,Latin America & Caribbean ,BRB,260936,7711.206799
3,1990,Botswana,0.001263654,Sub-Saharan Africa ,BWA,1286756,2945.83204
4,1990,Brazil,0.027732546,Latin America & Caribbean ,BRA,149003223,3100.280468
5,1990,Cameroon,0.001823394,Sub-Saharan Africa ,CMR,11780088,946.6464131
6,1990,Chile,0.011025171,Latin America & Caribbean ,CHL,13274623,2494.525669
7,1990,China,0.016961802,East Asia & Pacific ,CHN,1135185000,317.884673
8,1990,Colombia,0.032481851,Latin America & Caribbean ,COL,33102569,1445.32863
9,1990,Cote d'Ivoire,0.015426759,Sub-Saharan Africa ,CIV,NA,NA
10,1990,Cyprus,0.002120225,Europe & Central Asia,CYP,766615,9641.575273
11,1990,Ecuador,0.004240451,Latin America & Caribbean ,ECU,10230934,1489.529509
12,1990,Fiji,0.001373906,East Asia & Pacific ,FJI,728573,1835.128096
13,1990,Guinea,0.005699165,Sub-Saharan Africa ,GIN,6352283,419.7886298
14,1990,Honduras,0.007632811,Latin America & Caribbean ,HND,4955303,993.4830527
15,1990,Hungary,0.060723251,Europe & Central Asia,HUN,10373988,NA
16,1990,India,0.102279666,South Asia,IND,873277798,367.5566093
17,1990,Indonesia,0.122141936,East Asia & Pacific ,IDN,181413402,585.07655
18,1990,Jamaica,0.005088541,Latin America & Caribbean ,JAM,2419906,1897.686963
19,1990,Jordan,0.012721352,Middle East & North Africa ,JOR,3565890,1166.610276
20,1990,Malaysia,0.013077549,East Asia & Pacific ,MYS,18029824,2441.741991
21,1990,Mali,0.01299274,Sub-Saharan Africa ,MLI,8449913,317.3893069
22,1990,Mauritius,0.00254427,Sub-Saharan Africa ,MUS,1058775,2506.179312
23,1990,Mexico,0.18759753,Latin America & Caribbean ,MEX,83943132,3112.268706
24,1990,Morocco,0.024255377,Middle East & North Africa ,MAR,24807462,1206.011838
25,1990,Niger,0.021889206,Sub-Saharan Africa ,NER,8026591,437.5900495
26,1990,Oman,0.012721352,Middle East & North Africa,OMN,1812161,6448.127685
27,1990,Pakistan,0.088583011,South Asia,PAK,107647921,371.6785573
28,1990,Philippines,0.072766131,East Asia & Pacific ,PHL,61895160,715.9137121
29,1990,Poland,0.079381233,Europe & Central Asia,POL,38110782,1731.209531
30,1990,Spain,0.003731596,Europe & Central Asia,ESP,38867322,13804.87679
31,1990,St. Lucia,0.000212023,Latin America & Caribbean ,LCA,NA,NA
32,1990,Tunisia,0.002459461,Middle East & North Africa ,TUN,8242496,1491.122129
33,1990,Turkey,0.014671959,Europe & Central Asia ,TUR,53921760,2794.35039
34,1990,Zimbabwe,0.011093019,Sub-Saharan Africa ,ZWE,10432421,841.9729898
35,1991,Algeria,0.046073453,Middle East & North Africa ,DZA,26400479,1731.611274
36,1991,Argentina,0.023603054,Latin America & Caribbean ,ARG,33079000,5735.360327
37,1991,Bosnia and Herzegovina,0.004019096,Europe & Central Asia ,BIH,NA,NA
38,1991,Brazil,0.044575426,Latin America & Caribbean ,BRA,151648011,3975.390089
39,1991,Bulgaria,0.001242266,Europe & Central Asia ,BGR,8632367,1267.734375
40,1991,China,0.13263747,East Asia & Pacific ,CHN,1150780000,333.1421454
41,1991,Costa Rica,0.001680713,Latin America & Caribbean ,CRI,NA,NA
42,1991,Cote d'Ivoire,0.016441756,Sub-Saharan Africa ,CIV,NA,NA
43,1991,Cyprus,0.004530617,Europe & Central Asia,CYP,783124,9696.099593
44,1991,Guinea,0.001519949,Sub-Saharan Africa ,GIN,6534939,461.3494585
45,1991,Hungary,0.029229788,Europe & Central Asia,HUN,10373400,3350.258323
46,1991,India,0.11297313,South Asia,IND,891273209,303.0556053
47,1991,Indonesia,0.137496922,East Asia & Pacific ,IDN,184591903,631.7828373
48,1991,Jamaica,0.002192234,Latin America & Caribbean ,JAM,2439334,1668.98801
49,1991,Jordan,0.001826862,Middle East & North Africa ,JOR,3760496,1155.233314
50,1991,Mauritius,0.002029278,Sub-Saharan Africa ,MUS,1070266,2669.3277
51,1991,Mexico,0.095362183,Latin America & Caribbean ,MEX,85512623,3661.947879
52,1991,Morocco,0.057728831,Middle East & North Africa ,MAR,25260404,1266.849441
53,1991,Niger,0.005115213,Sub-Saharan Africa ,NER,8288735,396.4171831
54,1991,Oman,0.048959895,Middle East & North Africa,OMN,1893768,5988.844697
55,1991,Pakistan,0.014636816,South Asia,PAK,110778648,411.859465
56,1991,Philippines,0.011545766,East Asia & Pacific ,PHL,63454786,715.7468201
57,1991,Poland,0.103400374,Europe & Central Asia,POL,38246193,2235.541089
58,1991,Serbia,0.025941437,Europe & Central Asia ,SRB,7595636,NA
59,1991,Slovenia,0.004384468,Europe & Central Asia,SVN,1999429,6633.73741
60,1991,Tunisia,0.022360788,Middle East & North Africa ,TUN,8427857,1551.376893
61,1991,Turkey,0.043844682,Europe & Central Asia ,TUR,54840590,2735.707864
62,1991,Zimbabwe,0.004647536,Sub-Saharan Africa ,ZWE,10680995,809.0521248
63,1992,Algeria,0.013611723,Middle East & North Africa ,DZA,27028326,1776.036674
64,1992,Belize,0.000840376,Latin America & Caribbean ,BLZ,194324,2666.8816
65,1992,Brazil,0.00591814,Latin America & Caribbean ,BRA,154259380,2596.919876
66,1992,Chile,0.010652653,Latin America & Caribbean ,CHL,13719819,3350.213845
67,1992,China,0.159872642,East Asia & Pacific ,CHN,1164970000,366.4606923
68,1992,Ecuador,0.01053429,Latin America & Caribbean ,ECU,10716129,1688.505067
69,1992,Estonia,0.003550884,Europe & Central Asia,EST,1533091,NA
70,1992,Hungary,0.035508842,Europe & Central Asia,HUN,10369341,3735.10582
71,1992,India,0.127121653,South Asia,IND,909307016,316.9539279
72,1992,Indonesia,0.147278839,East Asia & Pacific ,IDN,187739786,681.9383856
73,1992,Latvia,0.005326326,Europe & Central Asia,LVA,2614338,NA
74,1992,Lithuania,0.007101768,Europe & Central Asia,LTU,3700114,NA
75,1992,Malaysia,0.027815259,East Asia & Pacific ,MYS,19002656,3113.646333
76,1992,Mali,0.073290249,Sub-Saharan Africa ,MLI,8850334,319.8380297
77,1992,Mauritius,0.001775442,Sub-Saharan Africa ,MUS,1084441,2973.206977
78,1992,Mexico,0.017754421,Latin America & Caribbean ,MEX,87075138,4170.623287
79,1992,Morocco,0.032549772,Middle East & North Africa ,MAR,25711406,1299.421679
80,1992,Niger,0.013019909,Sub-Saharan Africa ,NER,8566770,395.2753012
81,1992,Oman,0.069987927,Middle East & North Africa,OMN,1983275,6278.642993
82,1992,Pakistan,0.021305305,South Asia,PAK,113911126,429.1469022
83,1992,Philippines,0.059536491,East Asia & Pacific ,PHL,65020116,814.7685392
84,1992,Poland,0.022488933,Europe & Central Asia,POL,38363667,2459.020685
85,1992,Russian Federation,0.071017683,Europe & Central Asia ,RUS,NA,NA
86,1992,Tunisia,0.024856189,Middle East & North Africa ,TUN,8613861,1799.110329
87,1992,Uruguay,0.007693582,Latin America & Caribbean ,URY,3154464,4082.531892
88,1992,Zimbabwe,0.029590701,Sub-Saharan Africa ,ZWE,10900502,619.372594
89,1993,Algeria,0.02811153,Middle East & North Africa ,DZA,27635515,1807.328548
90,1993,Armenia,0.001249401,Europe & Central Asia ,ARM,3363108,357.2032777
91,1993,Belarus,0.013358183,Europe & Central Asia ,BLR,10239000,1590.095882
92,1993,China,0.20094538,East Asia & Pacific ,CHN,1178440000,377.3898395
93,1993,Colombia,0.004060554,Latin America & Caribbean ,COL,35091272,1893.542212
94,1993,Costa Rica,0.012702247,Latin America & Caribbean ,CRI,NA,NA
95,1993,Czech Republic,0.008329342,Europe & Central Asia,CZE,NA,NA
96,1993,Ecuador,0.007288174,Latin America & Caribbean ,ECU,10961466,1727.754058
97,1993,Fiji,0.001561752,East Asia & Pacific ,FJI,754963,2166.233478
98,1993,Gabon,0.002342627,Sub-Saharan Africa ,GAB,1029778,4252.028186
99,1993,Guatemala,0.002082336,Latin America & Caribbean ,GTM,9790619,1164.374025
100,1993,Guinea,0.007173646,Sub-Saharan Africa ,GIN,6897166,475.4218352
101,1993,Hungary,0.035607938,Europe & Central Asia,HUN,10357523,3873.987723
102,1993,India,0.077566999,South Asia,IND,927403860,301.1590042
103,1993,Indonesia,0.099546051,East Asia & Pacific ,IDN,190851175,827.9053053
104,1993,Jordan,0.014055765,Middle East & North Africa ,JOR,4201555,1334.230192
105,1993,Kazakhstan,0.022697457,Europe & Central Asia ,KAZ,16330419,1433.461534
106,1993,Malaysia,0.011140495,East Asia & Pacific ,MYS,19484898,3433.163316
107,1993,Mali,0.014992816,Sub-Saharan Africa ,MLI,9087176,310.1382515
108,1993,Mauritius,0.002082336,Sub-Saharan Africa ,MUS,1097374,2973.797821
109,1993,Moldova,0.008954043,Europe & Central Asia ,MDA,2973114,NA
110,1993,Morocco,0.080898736,Middle East & North Africa ,MAR,26155203,1199.319377
111,1993,Oman,0.012494013,Middle East & North Africa,OMN,2072104,6029.189622
112,1993,Pakistan,0.04685255,South Asia,PAK,117086685,442.4922384
113,1993,Philippines,0.048757887,East Asia & Pacific ,PHL,66593904,816.4123244
114,1993,Poland,0.108906149,Europe & Central Asia,POL,38461408,2497.195241
115,1993,Russian Federation,0.072881744,Europe & Central Asia ,RUS,NA,NA
116,1993,Seychelles,0.000468525,Sub-Saharan Africa ,SYC,72253,6559.129994
117,1993,Slovak Republic,0.005726423,Europe & Central Asia,SVK,NA,NA
118,1993,Slovenia,0.008329342,Europe & Central Asia,SVN,1991746,6656.933482
119,1993,Tunisia,0.022541282,Middle East & North Africa ,TUN,8795932,1660.875379
120,1993,Turkey,0.013483123,Europe & Central Asia ,TUR,56653804,3180.187801
121,1993,Ukraine,0.002811153,Europe & Central Asia ,UKR,52179200,1258.136574
122,1994,Algeria,0.015967194,Middle East & North Africa ,DZA,28213774,1507.865318
123,1994,Argentina,0.023066245,Latin America & Caribbean ,ARG,34402672,7483.139682
124,1994,Belarus,0.003801281,Europe & Central Asia ,BLR,10227000,1460.059076
125,1994,Belize,0.000521655,Latin America & Caribbean ,BLZ,201680,2880.125446
126,1994,Brazil,0.023315732,Latin America & Caribbean ,BRA,159432716,3500.61149
127,1994,Bulgaria,0.01011558,Europe & Central Asia ,BGR,8443591,1148.494399
128,1994,Chile,0.009979496,Latin America & Caribbean ,CHL,14166340,4024.216932
129,1994,China,0.18552791,East Asia & Pacific ,CHN,1191835000,473.4922787
130,1994,Colombia,0.002268067,Latin America & Caribbean ,COL,35758978,2284.838813
131,1994,Croatia,0.011612505,Europe & Central Asia,HRV,4652024,NA
132,1994,Ecuador,0.015513581,Latin America & Caribbean ,ECU,11208001,2026.112715
133,1994,Estonia,0.005479651,Europe & Central Asia,EST,1462514,2814.834328
134,1994,Gabon,0.003193439,Sub-Saharan Africa ,GAB,1057255,3963.868049
135,1994,Guinea,0.000498975,Sub-Saharan Africa ,GIN,7081116,477.7804689
136,1994,Hungary,0.009072269,Europe & Central Asia,HUN,10343355,4173.373024
137,1994,India,0.025719884,South Asia,IND,945601831,346.1029503
138,1994,Indonesia,0.142688654,East Asia & Pacific ,IDN,193917462,912.2032751
139,1994,Jamaica,0.002785187,Latin America & Caribbean ,JAM,2509043,2159.841372
140,1994,Jordan,0.009671039,Middle East & North Africa ,JOR,4410359,1414.33827
141,1994,Kazakhstan,0.005053254,Europe & Central Asia ,KAZ,16095199,1320.321622
142,1994,Latvia,0.004263967,Europe & Central Asia,LVA,2520742,NA
143,1994,Lithuania,0.001515096,Europe & Central Asia,LTU,3657144,NA
144,1994,Malaysia,0.006350589,East Asia & Pacific ,MYS,19977500,3728.111974
145,1994,Mali,0.022680674,Sub-Saharan Africa ,MLI,9334880,223.018023
146,1994,Mauritius,0.000698565,Sub-Saharan Africa ,MUS,1112846,3197.331024
147,1994,Mexico,0.068042021,Latin America & Caribbean ,MEX,90156400,5854.417857
148,1994,Moldova,0.002721681,Europe & Central Asia ,MDA,2964277,NA
149,1994,Morocco,0.011249614,Middle East & North Africa ,MAR,26584478,1326.941304
150,1994,Oman,0.034211528,Middle East & North Africa,OMN,2148419,6013.191867
151,1994,Pakistan,0.053344944,South Asia,PAK,120362762,434.4654114
152,1994,Peru,0.008346488,Latin America & Caribbean ,PER,23851408,1881.737119
153,1994,Philippines,0.032433363,East Asia & Pacific ,PHL,68180859,939.9186379
154,1994,Poland,0.019505379,Europe & Central Asia,POL,38542652,2874.825311
155,1994,Russian Federation,0.142888244,Europe & Central Asia ,RUS,NA,NA
156,1994,Slovak Republic,0.003628908,Europe & Central Asia,SVK,NA,NA
157,1994,Spain,0.001134034,Europe & Central Asia,ESP,39549108,13415.287
158,1994,Thailand,0.007031009,East Asia & Pacific ,THA,58875269,2491.42809
159,1994,Tunisia,0.020870756,Middle East & North Africa ,TUN,8967916,1743.154533
160,1994,Turkmenistan,0.001134034,Europe & Central Asia ,TKM,4115102,622.3706261
161,1994,Ukraine,0.045361347,Europe & Central Asia ,UKR,51921400,1012.098194
162,1994,Uruguay,0.00673616,Latin America & Caribbean ,URY,3201151,5458.86395
163,1995,Algeria,0.021712664,Middle East & North Africa ,DZA,28757785,1452.269445
164,1995,Argentina,0.116085208,Latin America & Caribbean ,ARG,34828170,7408.708238
165,1995,Brazil,0.020239305,Latin America & Caribbean ,BRA,162019896,4748.215529
166,1995,Bulgaria,0.001938631,Europe & Central Asia ,BGR,8406067,2258.286018
167,1995,Chile,0.004109897,Latin America & Caribbean ,CHL,14380866,5107.276802
168,1995,China,0.184615804,East Asia & Pacific ,CHN,1204855000,609.6566792
169,1995,Colombia,0.019514257,Latin America & Caribbean ,COL,36421438,2539.912877
170,1995,Croatia,0.009305427,Europe & Central Asia,HRV,4620030,4877.527466
171,1995,Dominica,0.002781547,Latin America & Caribbean ,DMA,71098,3861.179613
172,1995,El Salvador,0.004458851,Latin America & Caribbean ,SLV,NA,NA
173,1995,Estonia,0.001473359,Europe & Central Asia,EST,1436634,3130.806984
174,1995,Grenada,0.000296688,Latin America & Caribbean ,GRD,100288,3411.898916
175,1995,Guatemala,0.000364463,Latin America & Caribbean ,GTM,10286786,1424.682543
176,1995,Guinea,0.003877261,Sub-Saharan Africa ,GIN,7269625,508.1078294
177,1995,Hungary,0.002946719,Europe & Central Asia,HUN,10328965,4494.707624
178,1995,India,0.102189103,South Asia,IND,963922588,373.76648
179,1995,Indonesia,0.095748972,East Asia & Pacific ,IDN,196934260,1026.39342
180,1995,Jamaica,0.000814225,Latin America & Caribbean ,JAM,2533711,2580.736386
181,1995,Jordan,0.010856332,Middle East & North Africa ,JOR,4588843,1466.044193
182,1995,Kazakhstan,0.014973984,Europe & Central Asia ,KAZ,15815626,1288.239052
183,1995,Latvia,0.002299216,Europe & Central Asia,LVA,2485056,2328.227538
184,1995,Lithuania,0.003241391,Europe & Central Asia,LTU,3629102,2167.792582
185,1995,Mali,0.007211706,Sub-Saharan Africa ,MLI,9585653,282.341255
186,1995,Mauritius,0.001791295,Sub-Saharan Africa ,MUS,1122457,3599.555202
187,1995,Mexico,0.073454718,Latin America & Caribbean ,MEX,91663285,3928.223926
188,1995,Moldova,0.002326357,Europe & Central Asia ,MDA,2952307,593.7661383
189,1995,Morocco,0.038158456,Middle East & North Africa ,MAR,26994250,1432.310151
190,1995,Oman,0.029866886,Middle East & North Africa,OMN,2204277,6261.736061
191,1995,Pakistan,0.024659383,South Asia,PAK,123776839,489.881814
192,1995,Panama,0.003295672,Latin America & Caribbean ,PAN,2739668,3494.516014
193,1995,Paraguay,0.004846577,Latin America & Caribbean ,PRY,4776843,1897.096362
194,1995,Peru,0.005815892,Latin America & Caribbean ,PER,24299160,2194.01797
195,1995,Philippines,0.000697907,East Asia & Pacific ,PHL,69784088,1062.133065
196,1995,Poland,0.006203618,Europe & Central Asia,POL,38594998,3686.8193
197,1995,Russian Federation,0.119031927,Europe & Central Asia ,RUS,NA,NA
198,1995,Spain,0.002219732,Europe & Central Asia,ESP,39724050,15471.96272
199,1995,St. Lucia,0.00064316,Latin America & Caribbean ,LCA,NA,NA
200,1995,Thailand,0.009693154,East Asia & Pacific ,THA,59467274,2846.586738
201,1995,Tunisia,0.009034019,Middle East & North Africa ,TUN,9125398,1975.900295
202,1995,Turkey,0.007754523,Europe & Central Asia ,TUR,58486456,2897.866491
203,1995,Ukraine,0.011321603,Europe & Central Asia ,UKR,51512800,935.9589884
204,1995,Uruguay,0.000604888,Latin America & Caribbean ,URY,3224281,5985.105857
205,1995,Uzbekistan,0.017525222,Europe & Central Asia ,UZB,22785000,585.9323642
206,1996,Algeria,0.040265647,Middle East & North Africa ,DZA,29266405,1603.937921
207,1996,Brazil,0.028223584,Latin America & Caribbean ,BRA,164614688,5166.163745
208,1996,Chile,0.001411179,Latin America & Caribbean ,CHL,14587370,5349.804127
209,1996,China,0.159933644,East Asia & Pacific ,CHN,1217550000,709.4137551
210,1996,Colombia,0.025335371,Latin America & Caribbean ,COL,37076387,2620.538762
211,1996,Croatia,0.014020016,Europe & Central Asia,HRV,4557097,5232.814366
212,1996,Estonia,0.001592406,Europe & Central Asia,EST,1415594,3376.79474
213,1996,Hungary,0.000729109,Europe & Central Asia,HUN,10311238,4525.039103
214,1996,India,0.051743238,South Asia,IND,982365243,399.9500768
215,1996,Indonesia,0.153075313,East Asia & Pacific ,IDN,199901228,1137.410118
216,1996,Jordan,0.016934151,Middle East & North Africa ,JOR,4732854,1463.886112
217,1996,Kazakhstan,0.010254569,Europe & Central Asia ,KAZ,15577894,1350.333866
218,1996,Latvia,0.009126165,Europe & Central Asia,LVA,2457222,2429.212478
219,1996,Lebanon,0.003951302,Middle East & North Africa ,LBN,3610665,3791.605517
220,1996,Lithuania,0.013274492,Europe & Central Asia,LTU,3601613,2327.434857
221,1996,Mali,0.014582185,Sub-Saharan Africa ,MLI,9837571,282.6330008
222,1996,Moldova,0.004233538,Europe & Central Asia ,MDA,2946401,575.319576
223,1996,Morocco,0.011477591,Middle East & North Africa ,MAR,27383473,1561.129441
224,1996,Oman,0.071499747,Middle East & North Africa,OMN,2236654,6830.633316
225,1996,Pakistan,0.032927515,South Asia,PAK,127349290,497.2161432
226,1996,Peru,0.007996682,Latin America & Caribbean ,PER,24753824,2232.075906
227,1996,Philippines,0.049052589,East Asia & Pacific ,PHL,71401749,1160.309681
228,1996,Poland,0.019333155,Europe & Central Asia,POL,38624370,4147.465501
229,1996,Russian Federation,0.122019963,Europe & Central Asia ,RUS,NA,NA
230,1996,Slovenia,0.002504421,Europe & Central Asia,SVN,1988628,10815.11105
231,1996,Tunisia,0.023846219,Middle East & North Africa ,TUN,9267340,2113.586292
232,1996,Ukraine,0.110185814,Europe & Central Asia ,UKR,51057800,872.698742
233,1996,Uzbekistan,0.000470393,Europe & Central Asia ,UZB,23225000,600.5981578
234,1997,Algeria,0.008400489,Middle East & North Africa ,DZA,29742979,1619.806224
235,1997,Argentina,0.037755008,Latin America & Caribbean ,ARG,35657429,8213.1272
236,1997,Brazil,0.008494877,Latin America & Caribbean ,BRA,167209040,5282.008828
237,1997,China,0.18122404,East Asia & Pacific ,CHN,1230075000,781.7441643
238,1997,Croatia,0.0164357,Europe & Central Asia,HRV,4534920,5263.432122
239,1997,Gabon,0.004761996,Sub-Saharan Africa ,GAB,1141338,4667.168585
240,1997,Hungary,0.032164219,Europe & Central Asia,HUN,10290486,4596.182622
241,1997,India,0.059133782,South Asia,IND,1000900030,415.493797
242,1997,Indonesia,0.081135513,East Asia & Pacific ,IDN,202826446,1063.712365
243,1997,Jordan,0.005852026,Middle East & North Africa ,JOR,4848541,1494.509085
244,1997,Latvia,0.004431769,Europe & Central Asia,LVA,2432851,2680.644643
245,1997,Lithuania,0.000349234,Europe & Central Asia,LTU,3575137,2830.278071
246,1997,Mali,0.00188775,Sub-Saharan Africa ,MLI,10094368,267.1891588
247,1997,Mexico,0.001415813,Latin America & Caribbean ,MEX,94611002,5289.167988
248,1997,Moldova,0.005191314,Europe & Central Asia ,MDA,2935524,657.4911903
249,1997,Morocco,0.034434189,Middle East & North Africa ,MAR,27754571,1396.769917
250,1997,Oman,0.051913136,Middle East & North Africa,OMN,2249762,7039.61185
251,1997,Pakistan,0.02359688,South Asia,PAK,131057431,476.3812312
252,1997,Philippines,0.005663251,East Asia & Pacific ,PHL,73030884,1127.526549
253,1997,Poland,0.034168282,Europe & Central Asia,POL,38649660,4123.135618
254,1997,Russian Federation,0.307627807,Europe & Central Asia ,RUS,NA,NA
255,1997,Tunisia,0.079181838,Middle East & North Africa ,TUN,9395123,2208.205303
256,1997,Turkey,0.001368619,Europe & Central Asia ,TUR,60372568,3144.385859
257,1997,Turkmenistan,0.006087995,Europe & Central Asia ,TKM,4355116,562.6370536
258,1997,Ukraine,0.000245408,Europe & Central Asia ,UKR,50594600,991.2204028
259,1997,Uzbekistan,0.007079064,Europe & Central Asia ,UZB,23667000,623.0026524
260,1998,Algeria,0.012449202,Middle East & North Africa ,DZA,30192754,1596.003714
261,1998,Argentina,0.026475302,Latin America & Caribbean ,ARG,36063459,8289.505729
262,1998,Brazil,0.021412627,Latin America & Caribbean ,BRA,169785250,5087.152221
263,1998,China,0.237364779,East Asia & Pacific ,CHN,1241935000,828.5804793
264,1998,Croatia,0.005525628,Europe & Central Asia,HRV,4532135,5640.316248
265,1998,Ecuador,0.001742888,Latin America & Caribbean ,ECU,12198449,2293.889735
266,1998,Gabon,0.002269157,Sub-Saharan Africa ,GAB,1170061,3831.780668
267,1998,Guatemala,0.00234045,Latin America & Caribbean ,GTM,11046215,1755.849582
268,1998,Guinea,0.000829947,Sub-Saharan Africa ,GIN,7860781,456.4910353
269,1998,Hungary,0.032132383,Europe & Central Asia,HUN,10266570,4744.212264
270,1998,India,0.06363202,South Asia,IND,1019483581,413.2989342
271,1998,Indonesia,0.138800299,East Asia & Pacific ,IDN,205724592,463.9481695
272,1998,Jordan,0.000414973,Middle East & North Africa ,JOR,4943975,1600.397931
273,1998,Kazakhstan,0.026143324,Europe & Central Asia ,KAZ,15071300,1468.701798
274,1998,Latvia,0.005291628,Europe & Central Asia,LVA,2410019,2970.586351
275,1998,Malaysia,0.024898403,East Asia & Pacific ,MYS,22114654,3263.33385
276,1998,Mali,0.031529678,Sub-Saharan Africa ,MLI,10360561,281.8726309
277,1998,Mauritius,0.001029134,Sub-Saharan Africa ,MUS,1160421,3593.234081
278,1998,Morocco,0.010255559,Middle East & North Africa ,MAR,28110443,1472.38562
279,1998,Oman,0.030334555,Middle East & North Africa,OMN,2251864,6215.701568
280,1998,Philippines,0.031454983,East Asia & Pacific ,PHL,74672014,966.989169
281,1998,Poland,0.003584191,Europe & Central Asia,POL,38663481,4518.108226
282,1998,Russian Federation,0.124492017,Europe & Central Asia ,RUS,NA,NA
283,1998,Tunisia,0.046458014,Middle East & North Africa ,TUN,9509857,2292.712947
284,1998,Turkey,0.044576441,Europe & Central Asia ,TUR,61329676,4499.736701
285,1998,Ukraine,0.067756855,Europe & Central Asia ,UKR,50144500,835.2509542
286,1998,Uzbekistan,0.006805564,Europe & Central Asia ,UZB,24051000,623.2161328
287,1999,Brazil,0.029744183,Latin America & Caribbean ,BRA,172318675,3478.37273
288,1999,China,0.213146077,East Asia & Pacific ,CHN,1252735000,873.2870617
289,1999,Colombia,0.010490687,Latin America & Caribbean ,COL,38999468,2209.93165
290,1999,Croatia,0.01707259,Europe & Central Asia,HRV,4512597,5198.124047
291,1999,El Salvador,0.010860947,Latin America & Caribbean ,SLV,NA,NA
292,1999,Hungary,0.003196156,Europe & Central Asia,HUN,10237530,4793.478522
293,1999,India,0.123740739,South Asia,IND,1038058156,441.9987596
294,1999,Indonesia,0.180131268,East Asia & Pacific ,IDN,208615169,671.0986161
295,1999,Jordan,0.025918168,Middle East & North Africa ,JOR,5031762,1619.53329
296,1999,Kazakhstan,0.019623756,Europe & Central Asia ,KAZ,14928426,1130.113592
297,1999,Latvia,0.004270226,Europe & Central Asia,LVA,2390482,3148.071543
298,1999,Lithuania,0.002187514,Europe & Central Asia,LTU,3524238,3113.17906
299,1999,Malaysia,0.049861618,East Asia & Pacific ,MYS,22661298,3492.669354
300,1999,Mali,0.050297291,Sub-Saharan Africa ,MLI,10642936,323.1686388
301,1999,Morocco,0.051422286,Middle East & North Africa ,MAR,28455509,1447.968739
302,1999,Oman,0.083863786,Middle East & North Africa,OMN,2254904,6915.352548
303,1999,Pakistan,0.043196947,South Asia,PAK,138624621,454.2761254
304,1999,Philippines,0.020500037,East Asia & Pacific ,PHL,76325927,1087.378156
305,1999,Russian Federation,0.053070534,Europe & Central Asia ,RUS,NA,NA
306,1999,Tunisia,0.004319695,Middle East & North Africa ,TUN,9613588,2386.589244
307,1999,Uzbekistan,0.003085496,Europe & Central Asia ,UZB,24311650,702.4807441
308,2000,Algeria,0.013480193,Middle East & North Africa ,DZA,31042235,1765.022198
309,2000,Argentina,0.004149454,Latin America & Caribbean ,ARG,36870787,7708.100996
310,2000,Brazil,0.018810859,Latin America & Caribbean ,BRA,174790340,3749.75325
311,2000,China,0.210584797,East Asia & Pacific ,CHN,1262645000,959.3724836
312,2000,Colombia,0.000691576,Latin America & Caribbean ,COL,39629965,2520.481089
313,2000,Estonia,0.003713911,Europe & Central Asia,EST,1396985,4075.970639
314,2000,Guinea,0.015942203,Sub-Saharan Africa ,GIN,8240730,363.482479
315,2000,India,0.172700281,South Asia,IND,1056575549,443.3141934
316,2000,Jordan,0.004799535,Middle East & North Africa ,JOR,5122493,1651.622443
317,2000,Latvia,0.005896374,Europe & Central Asia,LVA,2367550,3357.586436
318,2000,Lithuania,0.024045551,Europe & Central Asia,LTU,3499536,3293.229979
319,2000,Mali,0.317707105,Sub-Saharan Africa ,MLI,10946445,269.8711377
320,2000,Mauritius,0.000656997,Sub-Saharan Africa ,MUS,1186873,3929.075495
321,2000,Mexico,0.055886231,Latin America & Caribbean ,MEX,98899845,7157.8145
322,2000,Oman,0.009419261,Middle East & North Africa,OMN,2267973,8601.271932
323,2000,Philippines,0.034578784,East Asia & Pacific ,PHL,77991755,1072.809064
324,2000,Poland,0.029839258,Europe & Central Asia,POL,38258629,4501.454067
325,2000,Russian Federation,0.004149454,Europe & Central Asia ,RUS,NA,NA
326,2000,Slovenia,0.00134779,Europe & Central Asia,SVN,1988925,10201.30354
327,2000,Tunisia,0.030480677,Middle East & North Africa ,TUN,9708350,2211.826817
328,2000,Turkey,0.034578784,Europe & Central Asia ,TUR,63240194,4337.478141
329,2000,Ukraine,0.002529784,Europe & Central Asia ,UKR,49176500,635.7005351
330,2000,Uzbekistan,0.004011139,Europe & Central Asia ,UZB,24650400,558.2268024
331,2001,Algeria,9.07E-05,Middle East & North Africa ,DZA,31451514,1740.607011
332,2001,Argentina,0.000123987,Latin America & Caribbean ,ARG,37275652,7208.371567
333,2001,Barbados,3.30E-05,Latin America & Caribbean ,BRB,272500,11209.17431
334,2001,Belarus,4.92E-05,Europe & Central Asia ,BLR,9928549,1244.373185
335,2001,Brazil,0.002197515,Latin America & Caribbean ,BRA,177196054,3156.798718
336,2001,China,0.001506598,East Asia & Pacific ,CHN,1271850000,1053.108243
337,2001,Colombia,0.001034429,Latin America & Caribbean ,COL,40255956,2439.682456
338,2001,Costa Rica,3.70E-05,Latin America & Caribbean ,CRI,NA,NA
339,2001,Croatia,0.00043947,Europe & Central Asia,HRV,4299642,5362.022897
340,2001,Guinea,3.78E-05,Sub-Saharan Africa ,GIN,8417081,336.1540606
341,2001,India,0.003710473,South Asia,IND,1075000085,451.5730011
342,2001,Indonesia,0.000617433,East Asia & Pacific ,IDN,214427417,748.2576157
343,2001,Jamaica,8.70E-05,Latin America & Caribbean ,JAM,2674702,3437.660658
344,2001,Jordan,0.000261071,Middle East & North Africa ,JOR,5217336,1720.358789
345,2001,Kazakhstan,0.000140326,Europe & Central Asia ,KAZ,14858335,1490.92709
346,2001,Morocco,1.94E-05,Middle East & North Africa ,MAR,29126330,1339.293577
347,2001,Oman,0.983868213,Middle East & North Africa,OMN,2294962,8475.957543
348,2001,Peru,0.00010878,Latin America & Caribbean ,PER,26799285,1941.475632
349,2001,Philippines,0.000130536,East Asia & Pacific ,PHL,79672873,990.5638962
350,2001,Poland,0.000541208,Europe & Central Asia,POL,38248076,4991.244358
351,2001,Russian Federation,0.000435119,Europe & Central Asia ,RUS,NA,NA
352,2001,Slovak Republic,0.000485824,Europe & Central Asia,SVK,NA,NA
353,2001,Tunisia,0.000886629,Middle East & North Africa ,TUN,9793903,2253.04471
354,2001,Turkey,0.002393152,Europe & Central Asia ,TUR,64192243,3142.95519
355,2001,Ukraine,0.000653135,Europe & Central Asia ,UKR,48662400,780.3211789
356,2001,Uruguay,0.000112043,Latin America & Caribbean ,URY,3325473,6284.455901
357,2002,Algeria,0.014966591,Middle East & North Africa ,DZA,31855109,1781.825546
358,2002,Argentina,0.000728869,Latin America & Caribbean ,ARG,37681749,2593.40415
359,2002,Brazil,0.028393128,Latin America & Caribbean ,BRA,179537520,2829.283192
360,2002,Chile,0.012354325,Latin America & Caribbean ,CHL,15684409,4446.250505
361,2002,China,0.168791423,East Asia & Pacific ,CHN,1280400000,1148.50829
362,2002,Colombia,0.00466476,Latin America & Caribbean ,COL,40875363,2396.627127
363,2002,Croatia,0.007987896,Europe & Central Asia,HRV,4302174,6232.655595
364,2002,Dominica,0.006122497,Latin America & Caribbean ,DMA,69837,4771.040927
365,2002,El Salvador,0.020787336,Latin America & Caribbean ,SLV,NA,NA
366,2002,Guatemala,0.034615434,Latin America & Caribbean ,GTM,12147518,1710.341468
367,2002,Guinea,0.00583095,Sub-Saharan Africa ,GIN,8586074,343.6027513
368,2002,India,0.130175957,South Asia,IND,1093317189,470.9867859
369,2002,Indonesia,0.033455075,East Asia & Pacific ,IDN,217357793,900.1775757
370,2002,Jamaica,0.021866062,Latin America & Caribbean ,JAM,2692845,3609.200651
371,2002,Jordan,0.018221718,Middle East & North Africa ,JOR,5317506,1802.057775
372,2002,Latvia,0.003242008,Europe & Central Asia,LVA,2310173,4131.800002
373,2002,Mauritius,0.0060948,Sub-Saharan Africa ,MUS,1204621,4018.948897
374,2002,Mexico,0.008309104,Latin America & Caribbean ,MEX,101684758,7593.137793
375,2002,Morocco,0.009475294,Middle East & North Africa ,MAR,29454768,1416.488158
376,2002,Oman,0.063842859,Middle East & North Africa,OMN,2334858,8626.972679
377,2002,Peru,0.007288687,Latin America & Caribbean ,PER,27100968,2021.23974
378,2002,Philippines,0.02915475,East Asia & Pacific ,PHL,81365258,1036.159313
379,2002,Russian Federation,0.085787851,Europe & Central Asia ,RUS,NA,NA
380,2002,Slovak Republic,0.004039106,Europe & Central Asia,SVK,NA,NA
381,2002,St. Kitts and Nevis,0.000728869,Latin America & Caribbean ,KNA,NA,NA
382,2002,St. Lucia,0.000874642,Latin America & Caribbean ,LCA,NA,NA
383,2002,Tunisia,0.005349503,Middle East & North Africa ,TUN,9871251,2344.413533
384,2002,Turkey,0.240526684,Europe & Central Asia ,TUR,65145367,3687.890278
385,2002,Ukraine,0.012017588,Europe & Central Asia ,UKR,48202470,878.6187489
386,2002,Uruguay,0.006122497,Latin America & Caribbean ,URY,3326040,4090.899267
387,2002,Uzbekistan,0.008183738,Europe & Central Asia ,UZB,25271850,383.343068
388,2003,Algeria,0.00065089,Middle East & North Africa ,DZA,32264157,2103.381822
389,2003,Argentina,0.012675221,Latin America & Caribbean ,ARG,38087868,3349.806124
390,2003,Brazil,0.00746872,Latin America & Caribbean ,BRA,181809246,3070.910491
391,2003,Bulgaria,4.80E-05,Europe & Central Asia ,BGR,7775327,2719.497656
392,2003,Chile,0.000543048,Latin America & Caribbean ,CHL,15849652,4772.56282
393,2003,China,0.005250077,East Asia & Pacific ,CHN,1288400000,1288.643252
394,2003,Colombia,0.007536618,Latin America & Caribbean ,COL,41483872,2281.401762
395,2003,Croatia,0.000960808,Europe & Central Asia,HRV,4303399,8059.420173
396,2003,Dominica,0.000205544,Latin America & Caribbean ,DMA,70100,4897.44175
397,2003,Ecuador,0.000780108,Latin America & Caribbean ,ECU,13369678,2425.851842
398,2003,Grenada,2.74E-05,Latin America & Caribbean ,GRD,104005,5682.5961
399,2003,Guatemala,0.000203831,Latin America & Caribbean ,GTM,12415334,1765.351677
400,2003,India,0.00572783,South Asia,IND,1111523144,546.7266145
401,2003,Indonesia,0.001083218,East Asia & Pacific ,IDN,220309469,1065.648539
402,2003,Jordan,0.000822176,Middle East & North Africa ,JOR,5434030,1876.26141
403,2003,Kazakhstan,0.000276731,Europe & Central Asia ,KAZ,14909018,2068.124118
404,2003,Morocco,0.000254395,Middle East & North Africa ,MAR,29782884,1725.458038
405,2003,Oman,0.946222379,Middle East & North Africa,OMN,2386166,9066.304783
406,2003,Peru,0.000496732,Latin America & Caribbean ,PER,27372226,2145.643183
407,2003,Philippines,0.000572783,East Asia & Pacific ,PHL,83051971,1048.008192
408,2003,Russian Federation,0.002192471,Europe & Central Asia ,RUS,NA,NA
409,2003,Slovak Republic,0.000427505,Europe & Central Asia,SVK,NA,NA
410,2003,Tunisia,0.000485168,Middle East & North Africa ,TUN,9945277,2760.414314
411,2003,Ukraine,0.003358111,Europe & Central Asia ,UKR,47812949,1047.50279
412,2003,Uruguay,0.00173027,Latin America & Caribbean ,URY,3323668,3624.198052
413,2004,Argentina,0.048429218,Latin America & Caribbean ,ARG,38491972,4277.721351
414,2004,Bolivia,0.002163306,Latin America & Caribbean ,BOL,9069039,967.406992
415,2004,Brazil,0.152451873,Latin America & Caribbean ,BRA,184006481,3637.462389
416,2004,Chile,0.030388685,Latin America & Caribbean ,CHL,16014971,6194.853107
417,2004,China,0.170901201,East Asia & Pacific ,CHN,1296075000,1508.668098
418,2004,Colombia,0.06489919,Latin America & Caribbean ,COL,42075953,2782.623185
419,2004,Dominica,0.017277607,Latin America & Caribbean ,DMA,70382,5217.230416
420,2004,El Salvador,0.002624812,Latin America & Caribbean ,SLV,NA,NA
421,2004,Guatemala,0.006735094,Latin America & Caribbean ,GTM,12682108,1889.691824
422,2004,India,0.090861751,South Asia,IND,1129623456,627.7742473
423,2004,Indonesia,0.122226809,East Asia & Pacific ,IDN,223285676,1150.261315
424,2004,Jordan,0.005480376,Middle East & North Africa ,JOR,5580244,2044.962623
425,2004,Mexico,0.043703159,Latin America & Caribbean ,MEX,104514932,7484.486542
426,2004,Morocco,0.009565213,Middle East & North Africa ,MAR,30115214,1952.90183
427,2004,Oman,0.043266127,Middle East & North Africa,OMN,2445517,10126.16678
428,2004,Peru,0.002394059,Latin America & Caribbean ,PER,27624213,2417.035501
429,2004,Philippines,0.009374328,East Asia & Pacific ,PHL,84710542,1121.489632
430,2004,Poland,0.039895632,Europe & Central Asia,POL,38182222,6681.386472
431,2004,Russian Federation,0.037655952,Europe & Central Asia ,RUS,NA,NA
432,2004,St. Vincent and the Grenadines,0.000951855,Latin America & Caribbean ,VCT,NA,NA
433,2004,Tunisia,0.013356515,Middle East & North Africa ,TUN,10022277,3111.382703
434,2004,Turkey,0.075734471,Europe & Central Asia ,TUR,67010930,6101.471608
435,2004,Ukraine,0.004615054,Europe & Central Asia ,UKR,47451626,1366.016476
436,2004,Uzbekistan,0.005047715,Europe & Central Asia ,UZB,25864350,465.1198869
437,2005,Brazil,0.039719829,Latin America & Caribbean ,BRA,186127103,4790.437088
438,2005,Chile,0.014055501,Latin America & Caribbean ,CHL,16182721,7598.525121
439,2005,China,0.088884843,East Asia & Pacific ,CHN,1303720000,1753.417829
440,2005,Colombia,0.163033514,Latin America & Caribbean ,COL,42647731,3414.465158
441,2005,Croatia,0.046778091,Europe & Central Asia,HRV,4310145,10527.89268
442,2005,El Salvador,0.009403081,Latin America & Caribbean ,SLV,NA,NA
443,2005,Grenada,6.37E-05,Latin America & Caribbean ,GRD,104661,6645.795048
444,2005,India,0.291214814,South Asia,IND,1147609927,714.8610135
445,2005,Indonesia,0.076207057,East Asia & Pacific ,IDN,226289470,1263.287321
446,2005,Kazakhstan,0.029004528,Europe & Central Asia ,KAZ,15147029,3771.278957
447,2005,Oman,0.014034449,Middle East & North Africa,OMN,2511251,12377.09481
448,2005,Pakistan,0.035086122,South Asia,PAK,160304008,748.9225846
449,2005,Peru,0.035086122,Latin America & Caribbean ,PER,27866145,2729.498682
450,2005,Russian Federation,0.042103347,Europe & Central Asia ,RUS,NA,NA
451,2005,Turkey,0.047027099,Europe & Central Asia ,TUR,67903469,7456.387715
452,2005,Ukraine,0.068297944,Europe & Central Asia ,UKR,47105171,1826.931391
453,2006,Argentina,0.000548567,Latin America & Caribbean ,ARG,39289878,5919.012037
454,2006,Azerbaijan,0.000146285,Europe & Central Asia ,AZE,8484550,2473.081819
455,2006,Belarus,3.66E-05,Europe & Central Asia ,BLR,9604924,3847.434124
456,2006,Brazil,0.001035052,Latin America & Caribbean ,BRA,188167356,5886.463588
457,2006,Chile,7.02E-05,Latin America & Caribbean ,CHL,16354504,9464.550243
458,2006,China,0.000756533,East Asia & Pacific ,CHN,1311020000,2099.229435
459,2006,Colombia,0.000219427,Latin America & Caribbean ,COL,43200901,3741.092837
460,2006,Croatia,6.31E-05,Europe & Central Asia,HRV,4311159,11695.94466
461,2006,Dominica,1.83E-05,Latin America & Caribbean ,DMA,70718,5518.399108
462,2006,Ecuador,3.51E-05,Latin America & Caribbean ,ECU,14059384,3328.882972
463,2006,El Salvador,6.22E-05,Latin America & Caribbean ,SLV,NA,NA
464,2006,Guatemala,7.31E-05,Latin America & Caribbean ,GTM,13213330,2287.935715
465,2006,India,0.000637055,South Asia,IND,1165486291,806.7532806
466,2006,Indonesia,5.85E-05,East Asia & Pacific ,IDN,229318262,1589.801489
467,2006,Jamaica,2.14E-05,Latin America & Caribbean ,JAM,2754407,4331.30306
468,2006,Jordan,5.85E-05,Middle East & North Africa ,JOR,5991540,2513.031668
469,2006,Kazakhstan,2.19E-05,Europe & Central Asia ,KAZ,15308084,5291.57565
470,2006,Mexico,1.54E-05,Latin America & Caribbean ,MEX,107560153,9068.294387
471,2006,Morocco,4.60E-05,Middle East & North Africa ,MAR,30804683,2196.01219
472,2006,Oman,0.000176394,Middle East & North Africa,OMN,2580758,14420.48408
473,2006,Pakistan,3.66E-05,South Asia,PAK,164022627,836.8605211
474,2006,Peru,9.14E-05,Latin America & Caribbean ,PER,28102056,3154.331237
475,2006,Philippines,0.994962224,East Asia & Pacific ,PHL,87888675,1452.438656
476,2006,Poland,0.000391576,Europe & Central Asia,POL,38141267,9035.410467
477,2006,Slovak Republic,7.57E-07,Europe & Central Asia,SVK,NA,NA
478,2006,Tunisia,6.71E-05,Middle East & North Africa ,TUN,10201214,3370.033926
479,2006,Turkey,0.000237713,Europe & Central Asia ,TUR,68756810,8102.121489
480,2006,Ukraine,0.000113005,Europe & Central Asia ,UKR,46787786,2300.769709
481,2007,Argentina,0.122244347,Latin America & Caribbean ,ARG,39684295,7245.448317
482,2007,Azerbaijan,0.003872577,Europe & Central Asia ,AZE,8581300,3851.437869
483,2007,Brazil,0.081808189,Latin America & Caribbean ,BRA,190130443,7348.030794
484,2007,Bulgaria,0.005265241,Europe & Central Asia ,BGR,7545338,5885.104348
485,2007,Chile,0.008584212,Latin America & Caribbean ,CHL,16530195,10502.35452
486,2007,China,0.17568591,East Asia & Pacific ,CHN,1317885000,2693.970063
487,2007,Colombia,0.052537961,Latin America & Caribbean ,COL,43737512,4714.073055
488,2007,Costa Rica,0.003872577,Latin America & Caribbean ,CRI,NA,NA
489,2007,Croatia,0.026872512,Europe & Central Asia,HRV,4310217,13937.44839
490,2007,Dominica,0.002504266,Latin America & Caribbean ,DMA,70795,5952.056669
491,2007,El Salvador,0.01290859,Latin America & Caribbean ,SLV,NA,NA
492,2007,Guatemala,0.023106376,Latin America & Caribbean ,GTM,13477017,2531.20608
493,2007,India,0.195758768,South Asia,IND,1183209472,1028.334771
494,2007,Indonesia,0.111698029,East Asia & Pacific ,IDN,232374245,1860.002763
495,2007,Jordan,0.009810528,Middle East & North Africa ,JOR,6255280,2735.38314
496,2007,Morocco,0.014241583,Middle East & North Africa ,MAR,31163673,2499.259938
497,2007,Namibia,0.000968144,Sub-Saharan Africa ,NAM,2006514,4350.686817
498,2007,Oman,0.009202399,Middle East & North Africa,OMN,2657158,15838.49342
499,2007,Pakistan,0.01290859,South Asia,PAK,167808105,908.0950906
500,2007,Philippines,0.049536972,East Asia & Pacific ,PHL,89405482,1744.640313
501,2007,Russian Federation,0.014199449,Europe & Central Asia ,RUS,NA,NA
502,2007,Tunisia,0.002006255,Middle East & North Africa ,TUN,10304726,3775.75001
503,2007,Turkey,0.006203352,Europe & Central Asia ,TUR,69581848,9791.651574
504,2007,Ukraine,0.02581718,Europe & Central Asia ,UKR,46509355,3065.611294
505,2007,Uruguay,0.028385989,Latin America & Caribbean ,URY,3331749,7026.511491
506,2008,Albania,0.000127712,Europe & Central Asia ,ALB,2947314,4370.540127
507,2008,Argentina,0.067150182,Latin America & Caribbean ,ARG,40080160,9020.873098
508,2008,Azerbaijan,0.021600758,Europe & Central Asia ,AZE,8763400,5574.603802
509,2008,Barbados,0.003287072,Latin America & Caribbean ,BRB,279946,17092.58214
510,2008,Belarus,0.007043725,Europe & Central Asia ,BLR,9527985,6377.369732
511,2008,Brazil,0.207194469,Latin America & Caribbean ,BRA,192030362,8831.023117
512,2008,China,0.165612071,East Asia & Pacific ,CHN,1324655000,3468.304602
513,2008,Colombia,0.125847893,Latin America & Caribbean ,COL,44254972,5472.53653
514,2008,Costa Rica,0.012913497,Latin America & Caribbean ,CRI,NA,NA
515,2008,Croatia,0.001155791,Europe & Central Asia,HRV,4309705,16296.80592
516,2008,Dominica,0.011457793,Latin America & Caribbean ,DMA,70827,6469.145738
517,2008,Ecuador,0.00143692,Latin America & Caribbean ,ECU,14535739,4249.019262
518,2008,Guatemala,0.015242622,Latin America & Caribbean ,GTM,13739299,2848.50316
519,2008,India,0.051653986,South Asia,IND,1200669765,998.522339
520,2008,Indonesia,0.083948997,East Asia & Pacific ,IDN,235469762,2166.854167
521,2008,Jamaica,0.007043725,Latin America & Caribbean ,JAM,2781876,4928.114008
522,2008,Jordan,0.003052281,Middle East & North Africa ,JOR,6556478,3455.767318
523,2008,Kazakhstan,0.016331112,Europe & Central Asia ,KAZ,15674000,8513.564645
524,2008,Mauritius,0.00281749,Sub-Saharan Africa ,MUS,1244121,8030.063005
525,2008,Montenegro,0.001117478,Europe & Central Asia ,MNE,616969,7367.751909
526,2008,Oman,0.001215277,Middle East & North Africa,OMN,2750963,22139.68434
527,2008,Pakistan,0.016303876,South Asia,PAK,171648986,990.8465996
528,2008,Philippines,0.040571858,East Asia & Pacific ,PHL,90901965,1991.231542
529,2008,Serbia,0.002043388,Europe & Central Asia ,SRB,7350222,7101.040141
530,2008,Turkey,0.087811019,Europe & Central Asia ,TUR,70418604,10940.99125
531,2008,Ukraine,0.046019006,Europe & Central Asia ,UKR,46258189,3887.242337
532,2009,Albania,0.000242997,Europe & Central Asia ,ALB,2927519,4114.140114
533,2009,Argentina,0.073871069,Latin America & Caribbean ,ARG,40482788,8225.137176
534,2009,Armenia,0.004208707,Europe & Central Asia ,ARM,2888092,2994.342544
535,2009,Azerbaijan,0.001433682,Europe & Central Asia ,AZE,8947243,4950.294791
536,2009,Belarus,0.015794801,Europe & Central Asia ,BLR,9506765,5351.355382
537,2009,Bosnia and Herzegovina,0.000592343,Europe & Central Asia ,BIH,NA,NA
538,2009,Botswana,0.002429969,Sub-Saharan Africa ,BWA,1953498,5255.768461
539,2009,Brazil,0.02759619,Latin America & Caribbean ,BRA,193886508,8597.915352
540,2009,Chile,0.009428281,Latin America & Caribbean ,CHL,16886186,10208.90676
541,2009,China,0.099628745,East Asia & Pacific ,CHN,1331260000,3832.236432
542,2009,Colombia,0.030997273,Latin America & Caribbean ,COL,44750054,5193.241458
543,2009,Costa Rica,0.024299694,Latin America & Caribbean ,CRI,NA,NA
544,2009,Croatia,0.005017496,Europe & Central Asia,HRV,4305181,14540.6416
545,2009,Dominica,0.015916299,Latin America & Caribbean ,DMA,70851,6902.85717
546,2009,El Salvador,0.021869724,Latin America & Caribbean ,SLV,NA,NA
547,2009,Georgia,0.010546067,Europe & Central Asia ,GEO,3814419,2822.66743
548,2009,Guatemala,0.009719878,Latin America & Caribbean ,GTM,14000190,2695.221264
549,2009,India,0.105703668,South Asia,IND,1217726215,1101.96084
550,2009,Indonesia,0.176239945,East Asia & Pacific ,IDN,238620563,2261.247224
551,2009,Jamaica,0.000728991,Latin America & Caribbean ,JAM,2795837,4335.181512
552,2009,Jordan,0.016183596,Middle East & North Africa ,JOR,6893260,3559.691078
553,2009,Kazakhstan,0.103273699,Europe & Central Asia ,KAZ,16092822,7165.223175
554,2009,Latvia,0.006968744,Europe & Central Asia,LVA,2141669,12288.21383
555,2009,Mauritius,0.00476274,Sub-Saharan Africa ,MUS,1247429,7318.12641
556,2009,Mexico,0.047724599,Latin America & Caribbean ,MEX,112463887,8002.972106
557,2009,Montenegro,0.000560984,Europe & Central Asia ,MNE,618294,6727.107767
558,2009,Oman,0.010453116,Middle East & North Africa,OMN,2876186,16823.79495
559,2009,Philippines,0.003905447,East Asia & Pacific ,PHL,92414158,1905.894711
560,2009,Poland,0.03484372,Europe & Central Asia,POL,38151603,11526.05589
561,2009,Russian Federation,0.009719878,Europe & Central Asia ,RUS,NA,NA
562,2009,Serbia,0.012421786,Europe & Central Asia ,SRB,7320807,6169.114195
563,2009,Tunisia,0.012149847,Middle East & North Africa ,TUN,10525694,4128.462783
564,2009,Turkey,0.042446759,Europe & Central Asia ,TUR,71321399,9103.709879
565,2009,Ukraine,0.03887951,Europe & Central Asia ,UKR,46053331,2542.995424
566,2009,Uruguay,0.019439755,Latin America & Caribbean ,URY,3349676,9451.932449
567,2010,Argentina,0.018800485,Latin America & Caribbean ,ARG,40788453,10385.96443
568,2010,Armenia,0.00290355,Europe & Central Asia ,ARM,2877319,3218.372707
569,2010,Belarus,0.013973769,Europe & Central Asia ,BLR,9490583,6029.3968
570,2010,Belize,0.001088831,Latin America & Caribbean ,BLZ,322464,4270.864345
571,2010,Bosnia and Herzegovina,0.001713811,Europe & Central Asia ,BIH,NA,NA
572,2010,Brazil,0.220929145,Latin America & Caribbean ,BRA,195713635,11286.24302
573,2010,China,0.115416105,East Asia & Pacific ,CHN,1337705000,4550.453108
574,2010,Colombia,0.001814719,Latin America & Caribbean ,COL,45222699,6336.709474
575,2010,Croatia,0.001423613,Europe & Central Asia,HRV,4295427,13949.3265
576,2010,Dominica,0.012340087,Latin America & Caribbean ,DMA,70878,6967.266654
577,2010,El Salvador,0.013065974,Latin America & Caribbean ,SLV,NA,NA
578,2010,Georgia,0.00315761,Europe & Central Asia ,GEO,3786695,3233.295943
579,2010,Grenada,0.000326649,Latin America & Caribbean ,GRD,106233,7257.756622
580,2010,Guatemala,0.006170043,Latin America & Caribbean ,GTM,14259687,2898.942215
581,2010,India,0.076785101,South Asia,IND,1234281170,1357.563719
582,2010,Indonesia,0.174937424,East Asia & Pacific ,IDN,241834215,3122.362815
583,2010,Kazakhstan,0.081606445,Europe & Central Asia ,KAZ,16321872,9070.488253
584,2010,Mexico,0.026857836,Latin America & Caribbean ,MEX,114092963,9271.398233
585,2010,Montenegro,0.000246395,Europe & Central Asia ,MNE,619428,6688.318598
586,2010,Morocco,0.008870272,Middle East & North Africa ,MAR,32343389,2839.925168
587,2010,Pakistan,0.010568921,South Asia,PAK,179424641,987.409723
588,2010,Philippines,0.024616586,East Asia & Pacific ,PHL,93966780,2217.474009
589,2010,Poland,0.054754344,Europe & Central Asia,POL,38042794,12613.011
590,2010,Tunisia,0.006395068,Middle East & North Africa ,TUN,10635244,4141.976353
591,2010,Turkey,0.074009165,Europe & Central Asia ,TUR,72326988,10742.43007
592,2010,United States,0.018192554,North America,USA,NA,NA
593,2010,Vietnam,0.029035498,East Asia & Pacific ,VNM,87967651,1317.890706
594,2011,Albania,0.001050566,Europe & Central Asia ,ALB,2905195,4437.142885
595,2011,Argentina,0.13863956,Latin America & Caribbean ,ARG,41261490,12848.8642
596,2011,Armenia,0.006948136,Europe & Central Asia ,ARM,2876538,3525.804747
597,2011,Azerbaijan,0.000969507,Europe & Central Asia ,AZE,9173082,7189.691229
598,2011,Brazil,0.024830095,Latin America & Caribbean ,BRA,197514534,13245.6125
599,2011,China,0.092911127,East Asia & Pacific ,CHN,1344130000,5618.132267
600,2011,Colombia,0.023429763,Latin America & Caribbean ,COL,45662747,7335.166934
601,2011,Croatia,0.011608462,Europe & Central Asia,HRV,4280622,14609.52435
602,2011,El Salvador,0.012118843,Latin America & Caribbean ,SLV,NA,NA
603,2011,Guatemala,0.008079228,Latin America & Caribbean ,GTM,14521515,3281.667502
604,2011,India,0.224279382,South Asia,IND,1250288729,1458.103527
605,2011,Indonesia,0.146140316,East Asia & Pacific ,IDN,245116206,3643.043936
606,2011,Jamaica,0.001211884,Latin America & Caribbean ,JAM,2825929,5111.471413
607,2011,Montenegro,0.0034303,Europe & Central Asia ,MNE,620079,7329.026063
608,2011,Morocco,0.012241123,Middle East & North Africa ,MAR,32781850,3046.949136
609,2011,Oman,0.06965077,Middle East & North Africa,OMN,3251108,20876.78803
610,2011,Pakistan,0.009355747,South Asia,PAK,183340592,1164.976129
611,2011,Philippines,0.061402136,East Asia & Pacific ,PHL,95570047,2450.733656
612,2011,Poland,0.043531731,Europe & Central Asia,POL,38063255,13879.56099
613,2011,Russian Federation,0.010099036,Europe & Central Asia ,RUS,NA,NA
614,2011,Serbia,0.00848319,Europe & Central Asia ,SRB,7234099,6809.159804
615,2011,Turkey,0.020915657,Europe & Central Asia ,TUR,73443863,11420.77326
616,2011,Ukraine,0.016158457,Europe & Central Asia ,UKR,45706086,3569.758121
617,2011,Uruguay,0.029085222,Latin America & Caribbean ,URY,3368934,14236.68119
618,2011,Uzbekistan,0.008887151,Europe & Central Asia ,UZB,29339400,1926.292997
619,2011,Vietnam,0.014542611,East Asia & Pacific ,VNM,88871561,1525.115988
620,2012,Albania,0.002276472,Europe & Central Asia ,ALB,2900401,4247.629984
621,2012,Argentina,0.056608749,Latin America & Caribbean ,ARG,41733271,13082.66433
622,2012,Armenia,0.004245656,Europe & Central Asia ,ARM,2884229,3681.857456
623,2012,Brazil,0.146424296,Latin America & Caribbean ,BRA,199287296,12370.0242
624,2012,Chile,0.009434791,Latin America & Caribbean ,CHL,17400347,15351.55133
625,2012,China,0.104726186,East Asia & Pacific ,CHN,1350695000,6316.918318
626,2012,Colombia,0.000943479,Latin America & Caribbean ,COL,46075721,8050.255372
627,2012,Costa Rica,0.018869583,Latin America & Caribbean ,CRI,NA,NA
628,2012,El Salvador,0.013208708,Latin America & Caribbean ,SLV,NA,NA
629,2012,Gabon,0.005472179,Sub-Saharan Africa ,GAB,1749682,9813.477703
630,2012,Guatemala,0.003019133,Latin America & Caribbean ,GTM,14781942,3408.784916
631,2012,India,0.039626124,South Asia,IND,1265782790,1443.879529
632,2012,Indonesia,0.246742441,East Asia & Pacific ,IDN,248452413,3694.348946
633,2012,Mauritius,0.002460334,Sub-Saharan Africa ,MUS,1255882,9291.227619
634,2012,Mexico,0.014648755,Latin America & Caribbean ,MEX,117274155,10241.72792
635,2012,Morocco,0.024967753,Middle East & North Africa ,MAR,33241898,2912.658275
636,2012,Oman,0.073434567,Middle East & North Africa,OMN,3498029,21872.62025
637,2012,Pakistan,0.009434791,South Asia,PAK,187281475,1198.109001
638,2012,Poland,0.055075926,Europe & Central Asia,POL,38063164,13097.27085
639,2012,Sri Lanka,0.020096106,South Asia,LKA,NA,NA
640,2012,Tunisia,0.028419178,Middle East & North Africa ,TUN,10847002,4152.678587
641,2012,Turkey,0.033442102,Europe & Central Asia ,TUR,74653016,11795.31671
642,2012,Ukraine,0.043400041,Europe & Central Asia ,UKR,45593342,3855.417729
643,2012,Uruguay,0.03075742,Latin America & Caribbean ,URY,3378974,15171.58466
644,2012,Vietnam,0.012265229,East Asia & Pacific ,VNM,89802487,1735.141276
645,2013,Armenia,0.009598048,Europe & Central Asia ,ARM,2897584,3838.185801
646,2013,Azerbaijan,0.019920476,Europe & Central Asia ,AZE,9416801,7875.756953
647,2013,Belarus,0.008149286,Europe & Central Asia ,BLR,9465997,7978.872615
648,2013,Brazil,0.268020949,Latin America & Caribbean ,BRA,201035903,12300.32488
649,2013,Chile,0.031238928,Latin America & Caribbean ,CHL,17571507,15842.94081
650,2013,China,0.093264047,East Asia & Pacific ,CHN,1357380000,7050.646271
651,2013,Colombia,0.032778238,Latin America & Caribbean ,COL,46495492,8218.347844
652,2013,Croatia,0.001363548,Europe & Central Asia,HRV,4255689,13674.4178
653,2013,Ecuador,0.009054762,Latin America & Caribbean ,ECU,15707474,6056.330827
654,2013,Georgia,0.003440809,Europe & Central Asia ,GEO,3717668,4623.745725
655,2013,Guatemala,0.018109524,Latin America & Caribbean ,GTM,15043981,3522.773698
656,2013,India,0.019558285,South Asia,IND,1280846129,1449.605912
657,2013,Indonesia,0.130841308,East Asia & Pacific ,IDN,251806402,3623.911582
658,2013,Jamaica,0.01177119,Latin America & Caribbean ,JAM,2858709,4989.171391
659,2013,Jordan,0.019920476,Middle East & North Africa ,JOR,8520420,4043.749038
660,2013,Mauritius,0.00055603,Sub-Saharan Africa ,MUS,1258653,9637.00265
661,2013,Montenegro,0.000340887,Europe & Central Asia ,MNE,621207,7186.819262
662,2013,Morocco,0.051323929,Middle East & North Africa ,MAR,33715693,3121.681176
663,2013,Oman,0.004772416,Middle East & North Africa,OMN,3764805,20865.79182
664,2013,Panama,0.009054762,Latin America & Caribbean ,PAN,3835437,11889.12763
665,2013,Peru,0.007243809,Latin America & Caribbean ,PER,29773987,6756.752769
666,2013,Philippines,0.072438094,East Asia & Pacific ,PHL,98871552,2871.430902
667,2013,Poland,0.068177376,Europe & Central Asia,POL,38040196,13696.4663
668,2013,Russian Federation,0.004527381,Europe & Central Asia ,RUS,NA,NA
669,2013,Serbia,0.00503149,Europe & Central Asia ,SRB,7164132,6755.073675
670,2013,Timor-Leste,0.001358214,East Asia & Pacific ,TLS,NA,NA
671,2013,Turkey,0.081847167,Europe & Central Asia ,TUR,75928564,12614.48026
672,2013,Uzbekistan,0.016298571,Europe & Central Asia ,UZB,30243200,2281.410973
673,2014,Albania,0.013596452,Europe & Central Asia ,ALB,2889104,4578.631994
674,2014,Armenia,0.014016702,Europe & Central Asia ,ARM,2912403,3986.231624
675,2014,Azerbaijan,0.019443858,Europe & Central Asia ,AZE,9535079,7891.313147
676,2014,Belarus,0.012428602,Europe & Central Asia ,BLR,9474511,8318.51269
677,2014,Brazil,0.042409153,Latin America & Caribbean ,BRA,202763735,12112.58821
678,2014,Chad,0.020766253,Sub-Saharan Africa ,TCD,13663559,1020.288204
679,2014,China,0.139131299,East Asia & Pacific ,CHN,1364270000,7678.599486
680,2014,Colombia,0.013809558,Latin America & Caribbean ,COL,46967706,8114.343921
681,2014,Croatia,0.011694196,Europe & Central Asia,HRV,4238389,13599.40978
682,2014,Gabon,0.000680862,Sub-Saharan Africa ,GAB,1883800,9663.42924
683,2014,Georgia,0.008976213,Europe & Central Asia ,GEO,3719414,4739.188338
684,2014,India,0.067321596,South Asia,IND,1295604184,1573.881492
685,2014,Indonesia,0.03779538,East Asia & Pacific ,IDN,255129004,3491.624791
686,2014,Iraq,0.024511966,Middle East & North Africa ,IRQ,34411951,6818.804621
687,2014,Jamaica,0.012359555,Latin America & Caribbean ,JAM,2875136,4833.790318
688,2014,Kazakhstan,0.009590907,Europe & Central Asia ,KAZ,17288285,12807.26069
689,2014,Moldova,0.002692864,Europe & Central Asia ,MDA,2856950,3328.801449
690,2014,Montenegro,0.00259871,Europe & Central Asia ,MNE,621810,7378.044404
691,2014,Morocco,0.019900923,Middle East & North Africa ,MAR,34192347,3171.699192
692,2014,Mozambique,0.000448811,Sub-Saharan Africa ,MOZ,26286163,673.9699555
693,2014,Oman,0.066888528,Middle East & North Africa,OMN,4027260,20035.17398
694,2014,Panama,0.013809558,Latin America & Caribbean ,PAN,3901315,12796.07004
695,2014,Peru,0.013464319,Latin America & Caribbean ,PER,30090359,6672.880255
696,2014,Philippines,0.137836653,East Asia & Pacific ,PHL,100513138,2959.648452
697,2014,Russian Federation,0.004142867,Europe & Central Asia ,RUS,NA,NA
698,2014,Serbia,0.020887394,Europe & Central Asia ,SRB,7130576,6600.056809
699,2014,Seychelles,0.000966669,Sub-Saharan Africa ,SYC,91359,14700.33434
700,2014,Sri Lanka,0.007042875,South Asia,LKA,NA,NA
701,2014,Tunisia,0.006647501,Middle East & North Africa ,TUN,11063201,4305.474165
702,2014,Turkey,0.04697638,Europe & Central Asia ,TUR,77231907,12157.33796
703,2014,Ukraine,0.157567059,Europe & Central Asia ,UKR,45272156,3104.643206
704,2014,Uzbekistan,0.001262884,Europe & Central Asia ,UZB,30757700,2492.336643
705,2014,Vietnam,0.048333454,East Asia & Pacific ,VNM,91714595,2030.261955
706,2015,Albania,0.002794856,Europe & Central Asia ,ALB,2880703,3952.801215
707,2015,Angola,0.047625214,Sub-Saharan Africa ,AGO,27884381,4166.979684
708,2015,Argentina,0.048816903,Latin America & Caribbean ,ARG,43131966,13789.06042
709,2015,Armenia,0.011747553,Europe & Central Asia ,ARM,2925553,3607.296697
710,2015,Belarus,0.00529169,Europe & Central Asia ,BLR,9489616,5949.106307
711,2015,China,0.079375357,East Asia & Pacific ,CHN,1371220000,8066.942635
712,2015,Croatia,0.001907752,Europe & Central Asia,HRV,4203604,11781.73479
713,2015,Dominica,0.019050086,Latin America & Caribbean ,DMA,71183,7596.435062
714,2015,Ecuador,0.01931467,Latin America & Caribbean ,ECU,16212020,6124.491643
715,2015,Grenada,0.000529169,Latin America & Caribbean ,GRD,109599,9096.870646
716,2015,India,0.074083667,South Asia,IND,1310152403,1605.605434
717,2015,Indonesia,0.052916905,East Asia & Pacific ,IDN,258383256,3331.695128
718,2015,Iraq,0.127000572,Middle East & North Africa ,IRQ,35572261,4989.803075
719,2015,Jordan,0.026458452,Middle East & North Africa ,JOR,9266575,4164.107876
720,2015,Kazakhstan,0.024130109,Europe & Central Asia ,KAZ,17542806,10510.77189
721,2015,Morocco,0.103076839,Middle East & North Africa ,MAR,34663603,2875.257985
722,2015,Panama,0.031750143,Latin America & Caribbean ,PAN,3968487,13630.30797
723,2015,Poland,0.130938544,Europe & Central Asia,POL,37986412,12578.49547
724,2015,Serbia,0.008537189,Europe & Central Asia ,SRB,7095383,5588.980728
725,2015,Seychelles,0.000529169,Sub-Saharan Africa ,SYC,93419,14745.34146
726,2015,Tunisia,0.060494809,Middle East & North Africa ,TUN,11179949,3861.688531
727,2015,Turkey,0.011446511,Europe & Central Asia ,TUR,78529409,11006.24974
728,2015,Ukraine,0.112183839,Europe & Central Asia ,UKR,45154036,2124.662319
729,2016,Albania,0.003484825,Europe & Central Asia ,ALB,2876101,4124.055726
730,2016,Angola,0.004232219,Sub-Saharan Africa ,AGO,28842484,3506.072885
731,2016,Argentina,0.051088935,Latin America & Caribbean ,ARG,43590368,12790.24247
732,2016,Armenia,0.008162137,Europe & Central Asia ,ARM,2936146,3591.829276
733,2016,Azerbaijan,0.008464439,Europe & Central Asia ,AZE,9757812,3880.738731
734,2016,Belarus,0.007557535,Europe & Central Asia ,BLR,9501534,5022.626643
735,2016,Bolivia,0.010033383,Latin America & Caribbean ,BOL,11031813,3076.65895
736,2016,Bosnia and Herzegovina,0.003168023,Europe & Central Asia ,BIH,NA,NA
737,2016,Brazil,0.02841633,Latin America & Caribbean ,BRA,206163058,8710.09669
738,2016,Chile,0.012092056,Latin America & Caribbean ,CHL,18209068,13753.59444
739,2016,China,0.077510076,East Asia & Pacific ,CHN,1378665000,8147.937705
740,2016,Costa Rica,0.025393317,Latin America & Caribbean ,CRI,NA,NA
741,2016,Ecuador,0.028476791,Latin America & Caribbean ,ECU,16491115,6060.093329
742,2016,Fiji,0.006405766,East Asia & Pacific ,FJI,872399,5651.318055
743,2016,Gabon,0.016981695,Sub-Saharan Africa ,GAB,2007873,6984.451019
744,2016,Georgia,0.011426992,Europe & Central Asia ,GEO,3727505,4062.169888
745,2016,India,0.209797163,South Asia,IND,1324509589,1732.564262
746,2016,Indonesia,0.109826094,East Asia & Pacific ,IDN,261554226,3562.845756
747,2016,Iraq,0.089802859,Middle East & North Africa ,IRQ,36610632,4777.197619
748,2016,Jamaica,0.001813808,Latin America & Caribbean ,JAM,2906238,4843.338474
749,2016,Jordan,0.027207125,Middle East & North Africa ,JOR,9551467,4176.58891
750,2016,Kazakhstan,0.0652971,Europe & Central Asia ,KAZ,17794055,7714.841844
751,2016,Mauritius,0.000748309,Sub-Saharan Africa ,MUS,1263473,9681.618567
752,2016,Mexico,0.006046028,Latin America & Caribbean ,MEX,123333376,8744.515772
753,2016,Moldova,0.00240511,Europe & Central Asia ,MDA,2802170,2880.439281
754,2016,Montenegro,0.000163863,Europe & Central Asia ,MNE,622303,7028.663454
755,2016,Morocco,0.012092056,Middle East & North Africa ,MAR,35126296,2896.720003
756,2016,Oman,0.029932354,Middle East & North Africa,OMN,4479219,14618.73313
757,2016,Pakistan,0.006046028,South Asia,PAK,203627284,1368.454326
758,2016,Peru,0.036276167,Latin America & Caribbean ,PER,30926032,6204.99726
759,2016,Philippines,0.027207125,East Asia & Pacific ,PHL,103663927,3073.653615
760,2016,Serbia,0.010585566,Europe & Central Asia ,SRB,7058322,5765.200762
761,2016,Seychelles,0.000302301,Sub-Saharan Africa ,SYC,94677,15068.62035
762,2016,Tunisia,0.000884862,Middle East & North Africa ,TUN,11303946,3697.930831
763,2016,Turkey,0.039873228,Europe & Central Asia ,TUR,79821724,10895.31869
764,2016,Vietnam,0.020798335,East Asia & Pacific ,VNM,93638724,2192.214539
765,2017,Albania,0.014022415,Europe & Central Asia ,ALB,2873457,4531.020806
766,2017,Angola,0.005493894,Sub-Saharan Africa ,AGO,29816748,4095.812942
767,2017,Armenia,0.000177222,Europe & Central Asia ,ARM,2944809,3914.501268
768,2017,Belarus,0.005316671,Europe & Central Asia ,BLR,9498264,5761.74712
769,2017,Bolivia,0.026583356,Latin America & Caribbean ,BOL,11192854,3351.124044
770,2017,Bosnia and Herzegovina,0.010283373,Europe & Central Asia ,BIH,NA,NA
771,2017,Botswana,0.012892928,Sub-Saharan Africa ,BWA,2205128,7893.232534
772,2017,Brazil,0.002878091,Latin America & Caribbean ,BRA,207833831,9925.386238
773,2017,Cameroon,0.049848082,Sub-Saharan Africa ,CMR,24566045,1425.107818
774,2017,Chile,0.004441724,Latin America & Caribbean ,CHL,18470439,14999.37009
775,2017,China,0.170133477,East Asia & Pacific ,CHN,1386395000,8879.438667
776,2017,Colombia,0.01417779,Latin America & Caribbean ,COL,48909844,6376.706716
777,2017,Croatia,0.001725661,Europe & Central Asia,HRV,4124531,13451.62495
778,2017,Dominica,0.013291678,Latin America & Caribbean ,DMA,71458,7274.721333
779,2017,Gabon,0.016817354,Sub-Saharan Africa ,GAB,2064823,7230.396393
780,2017,Georgia,0.008526336,Europe & Central Asia ,GEO,3728004,4357.000936
781,2017,Grenada,0.000691167,Latin America & Caribbean ,GRD,110874,10152.83281
782,2017,India,0.152978351,South Asia,IND,1338658835,1981.65105
783,2017,Indonesia,0.148191575,East Asia & Pacific ,IDN,264645886,3837.651731
784,2017,Jamaica,0.006202783,Latin America & Caribbean ,JAM,2920853,5069.183838
785,2017,Jordan,0.026583356,Middle East & North Africa ,JOR,9779173,4234.403133
786,2017,Moldova,0.000443056,Europe & Central Asia ,MDA,2755158,3509.69345
787,2017,Morocco,0.075519364,Middle East & North Africa ,MAR,35581294,3036.325255
788,2017,Pakistan,0.011519454,South Asia,PAK,207896686,1464.993305
789,2017,Panama,0.005759727,Latin America & Caribbean ,PAN,4106771,15150.34561
790,2017,Peru,0.018165293,Latin America & Caribbean ,PER,31444297,6710.508029
791,2017,Philippines,0.027196201,East Asia & Pacific ,PHL,105173264,3123.234229
792,2017,Serbia,0.027351733,Europe & Central Asia ,SRB,7020858,6292.543629
793,2017,Seychelles,0.000886112,Sub-Saharan Africa ,SYC,95843,15906.08391
794,2017,Sri Lanka,0.005936949,South Asia,LKA,NA,NA
795,2017,Tunisia,0.047298809,Middle East & North Africa ,TUN,11433443,3481.228739
796,2017,Turkey,0.027524299,Europe & Central Asia ,TUR,81101892,10591.47437
797,2017,Ukraine,0.013291678,Europe & Central Asia ,UKR,44831135,2640.675677
798,2017,Uruguay,0.010810565,Latin America & Caribbean ,URY,3436646,17322.14739
799,2017,Uzbekistan,0.010810565,Europe & Central Asia ,UZB,32388600,1826.566919
800,2017,Vietnam,0.026228911,East Asia & Pacific ,VNM,94596642,2365.621666
801,2018,Albania,0.005743836,Europe & Central Asia ,ALB,2866376,5284.380184
802,2018,Angola,0.017068223,Sub-Saharan Africa ,AGO,30809762,3289.646664
803,2018,Argentina,0.101394926,Latin America & Caribbean ,ARG,44494502,11633.49801
804,2018,Belarus,0.000643939,Europe & Central Asia ,BLR,9483499,6330.075246
805,2018,Bolivia,0.015969701,Latin America & Caribbean ,BOL,11353142,3548.590155
806,2018,Bosnia and Herzegovina,0.002752838,Europe & Central Asia ,BIH,NA,NA
807,2018,Brazil,0.023764436,Latin America & Caribbean ,BRA,209469333,9001.234249
808,2018,Chile,0.014575521,Latin America & Caribbean ,CHL,18729160,15924.79424
809,2018,China,0.119646013,East Asia & Pacific ,CHN,1392730000,9976.677137
810,2018,Colombia,0.014575521,Latin America & Caribbean ,COL,49661056,6716.911598
811,2018,Croatia,0.001057133,Europe & Central Asia,HRV,4087843,15014.08502
812,2018,Fiji,0.000950577,East Asia & Pacific ,FJI,883483,6317.487853
813,2018,Guatemala,0.015842957,Latin America & Caribbean ,GTM,16346950,4472.892371
814,2018,India,0.17211155,South Asia,IND,1352617328,2005.863005
815,2018,Indonesia,0.107732109,East Asia & Pacific ,IDN,267663435,3893.846425
816,2018,Iraq,0.07034273,Middle East & North Africa ,IRQ,38433600,5834.166211
817,2018,Jamaica,0.000950577,Latin America & Caribbean ,JAM,2934855,5354.236859
818,2018,Jordan,0.063371829,Middle East & North Africa ,JOR,9956011,4312.180117
819,2018,Mexico,0.02218014,Latin America & Caribbean ,MEX,126190788,9686.513783
820,2018,Montenegro,0.002683078,Europe & Central Asia ,MNE,622227,8846.056525
821,2018,Pakistan,0.045944576,South Asia,PAK,212215030,1482.305667
822,2018,Panama,0.005069746,Latin America & Caribbean ,PAN,4176873,15592.57368
823,2018,Philippines,0.010773211,East Asia & Pacific ,PHL,106651922,3252.092324
824,2018,Serbia,0.012111413,Europe & Central Asia ,SRB,6982604,7252.401858
825,2018,Tunisia,0.038405574,Middle East & North Africa ,TUN,11565204,3438.789089
826,2018,Turkey,0.067315953,Europe & Central Asia ,TUR,82319724,9455.593654
827,2018,Uruguay,0.002661617,Latin America & Caribbean ,URY,3449299,17277.97011
828,2018,Uzbekistan,0.04436028,Europe & Central Asia ,UZB,32956100,1529.082864
829,2019,Angola,0.065792281,Sub-Saharan Africa ,AGO,31825295,2790.726615
830,2019,Argentina,0.057305466,Latin America & Caribbean ,ARG,44938712,9912.281809
831,2019,Armenia,0.004117424,Europe & Central Asia ,ARM,2957731,4622.733493
832,2019,Belarus,0.018778793,Europe & Central Asia ,BLR,9466856,6663.295293
833,2019,Bosnia and Herzegovina,0.001897144,Europe & Central Asia ,BIH,NA,NA
834,2019,Brazil,0.023358206,Latin America & Caribbean ,BRA,211049527,8717.186278
835,2019,Cabo Verde,0.000389303,Sub-Saharan Africa ,CPV,NA,NA
836,2019,Chile,0.008953979,Latin America & Caribbean ,CHL,18952038,14896.45387
837,2019,China,0.032424715,East Asia & Pacific ,CHN,1397715000,10216.63033
838,2019,Dominica,0.007786069,Latin America & Caribbean ,DMA,71808,8110.568512
839,2019,Ecuador,0.066181584,Latin America & Caribbean ,ECU,17373662,6183.823825
840,2019,Gabon,0.012234036,Sub-Saharan Africa ,GAB,2172579,7767.013404
841,2019,Georgia,0.010571765,Europe & Central Asia ,GEO,3720382,4697.704576
842,2019,Guatemala,0.007786069,Latin America & Caribbean ,GTM,16604026,4619.985258
843,2019,India,0.161703411,South Asia,IND,1366417754,2099.599048
844,2019,Indonesia,0.023327062,East Asia & Pacific ,IDN,270625568,4135.569263
845,2019,Iraq,0.015572137,Middle East & North Africa ,IRQ,39309783,5955.10901
846,2019,Jordan,0.112897997,Middle East & North Africa ,JOR,10101694,4405.488412
847,2019,Kenya,0.015231687,Sub-Saharan Africa ,KEN,52573973,1816.546916
848,2019,Mali,0.024508618,Sub-Saharan Africa ,MLI,19658031,879.0080104
849,2019,Mongolia,0.001557214,East Asia & Pacific ,MNG,3225167,4339.843279
850,2019,Montenegro,0.000333845,Europe & Central Asia ,MNE,622137,8908.934792
851,2019,Morocco,0.076888723,Middle East & North Africa ,MAR,36471769,3204.095003
852,2019,North Macedonia,0.008693885,Europe & Central Asia ,MKD,NA,NA
853,2019,Oman,0.003477554,Middle East & North Africa,OMN,4974986,15343.062
854,2019,Pakistan,0.050765168,South Asia,PAK,216565318,1284.702041
855,2019,Peru,0.007116467,Latin America & Caribbean ,PER,32510453,6977.695784
856,2019,Philippines,0.058395516,East Asia & Pacific ,PHL,108116615,3485.084218
857,2019,Serbia,0.004646012,Europe & Central Asia ,SRB,6944975,7411.836116
858,2019,Sri Lanka,0.017518655,South Asia,LKA,NA,NA
859,2019,Suriname,0.002725124,Latin America & Caribbean ,SUR,581363,6359.833614
860,2019,Turkey,0.034775542,Europe & Central Asia ,TUR,83429615,9126.561346
861,2019,Uzbekistan,0.06228855,Europe & Central Asia ,UZB,33580650,1724.841134
862,NA,,NA,,,NA,NA
