"LOCATION","INDICATOR","SUBJECT","MEASURE","FREQUENCY","TIME","Value","Flag Codes"
"AUS","GDP","TOT","USD_CAP","A","1991",18126.137999,
"AUS","GDP","TOT","USD_CAP","A","1992",19094.496782,
"AUS","GDP","TOT","USD_CAP","A","1993",20118.480443,
"AUS","GDP","TOT","USD_CAP","A","1994",21349.565284,
"AUS","GDP","TOT","USD_CAP","A","1995",22353.994564,
"AUS","GDP","TOT","USD_CAP","A","1996",23220.090889,
"AUS","GDP","TOT","USD_CAP","A","1997",24403.021722,
"AUS","GDP","TOT","USD_CAP","A","1998",25630.468739,
"AUS","GDP","TOT","USD_CAP","A","1999",27098.221278,
"AUS","GDP","TOT","USD_CAP","A","2000",28252.629885,
"AUS","GDP","TOT","USD_CAP","A","2001",29493.214856,
"AUS","GDP","TOT","USD_CAP","A","2002",30740.962903,
"AUS","GDP","TOT","USD_CAP","A","2003",32248.255835,
"AUS","GDP","TOT","USD_CAP","A","2004",33865.906508,
"AUS","GDP","TOT","USD_CAP","A","2005",35570.808015,
"AUS","GDP","TOT","USD_CAP","A","2006",37842.933976,
"AUS","GDP","TOT","USD_CAP","A","2007",39596.040082,
"AUS","GDP","TOT","USD_CAP","A","2008",40094.833205,
"AUS","GDP","TOT","USD_CAP","A","2009",41614.090724,
"AUS","GDP","TOT","USD_CAP","A","2010",42787.065957,
"AUS","GDP","TOT","USD_CAP","A","2011",44419.309749,
"AUS","GDP","TOT","USD_CAP","A","2012",43879.180355,
"AUS","GDP","TOT","USD_CAP","A","2013",47761.21406,
"AUS","GDP","TOT","USD_CAP","A","2014",47644.762792,
"AUS","GDP","TOT","USD_CAP","A","2015",47317.250695,
"AUS","GDP","TOT","USD_CAP","A","2016",50237.794429,
"AUS","GDP","TOT","USD_CAP","A","2017",50853.615427,
"AUS","GDP","TOT","USD_CAP","A","2018",53083.298192,
"AUS","GDP","TOT","USD_CAP","A","2019",53078.965373,
"AUS","GDP","TOT","USD_CAP","A","2020",52102.045295,"E"
"AUT","GDP","TOT","USD_CAP","A","1991",20567.115304,"E"
"AUT","GDP","TOT","USD_CAP","A","1992",21241.150171,"E"
"AUT","GDP","TOT","USD_CAP","A","1993",21679.452882,"E"
"AUT","GDP","TOT","USD_CAP","A","1994",22587.176339,"E"
"AUT","GDP","TOT","USD_CAP","A","1995",23639.8277,
"AUT","GDP","TOT","USD_CAP","A","1996",24500.221048,
"AUT","GDP","TOT","USD_CAP","A","1997",25417.862477,
"AUT","GDP","TOT","USD_CAP","A","1998",26673.951008,
"AUT","GDP","TOT","USD_CAP","A","1999",27606.484243,
"AUT","GDP","TOT","USD_CAP","A","2000",29388.784958,
"AUT","GDP","TOT","USD_CAP","A","2001",29715.636017,
"AUT","GDP","TOT","USD_CAP","A","2002",31178.051444,
"AUT","GDP","TOT","USD_CAP","A","2003",32123.696189,
"AUT","GDP","TOT","USD_CAP","A","2004",33756.259412,
"AUT","GDP","TOT","USD_CAP","A","2005",35024.557484,
"AUT","GDP","TOT","USD_CAP","A","2006",37614.942761,
"AUT","GDP","TOT","USD_CAP","A","2007",39384.189618,
"AUT","GDP","TOT","USD_CAP","A","2008",41316.022642,
"AUT","GDP","TOT","USD_CAP","A","2009",40957.262321,
"AUT","GDP","TOT","USD_CAP","A","2010",42053.24337,
"AUT","GDP","TOT","USD_CAP","A","2011",44469.209642,
"AUT","GDP","TOT","USD_CAP","A","2012",46477.655075,
"AUT","GDP","TOT","USD_CAP","A","2013",47936.677963,
"AUT","GDP","TOT","USD_CAP","A","2014",48813.534409,
"AUT","GDP","TOT","USD_CAP","A","2015",49942.056293,
"AUT","GDP","TOT","USD_CAP","A","2016",52665.087457,
"AUT","GDP","TOT","USD_CAP","A","2017",54185.337013,
"AUT","GDP","TOT","USD_CAP","A","2018",57068.534815,
"AUT","GDP","TOT","USD_CAP","A","2019",58664.718719,
"AUT","GDP","TOT","USD_CAP","A","2020",55407.641086,
"BEL","GDP","TOT","USD_CAP","A","1991",19550.896866,"E"
"BEL","GDP","TOT","USD_CAP","A","1992",20219.669594,"E"
"BEL","GDP","TOT","USD_CAP","A","1993",20420.367959,"E"
"BEL","GDP","TOT","USD_CAP","A","1994",21465.602993,"E"
"BEL","GDP","TOT","USD_CAP","A","1995",22391.852944,
"BEL","GDP","TOT","USD_CAP","A","1996",22687.967729,
"BEL","GDP","TOT","USD_CAP","A","1997",23724.576608,
"BEL","GDP","TOT","USD_CAP","A","1998",24367.949401,
"BEL","GDP","TOT","USD_CAP","A","1999",25441.891387,
"BEL","GDP","TOT","USD_CAP","A","2000",27797.333304,
"BEL","GDP","TOT","USD_CAP","A","2001",28799.327509,
"BEL","GDP","TOT","USD_CAP","A","2002",30281.667989,
"BEL","GDP","TOT","USD_CAP","A","2003",30901.382717,
"BEL","GDP","TOT","USD_CAP","A","2004",32036.935514,
"BEL","GDP","TOT","USD_CAP","A","2005",33176.680884,
"BEL","GDP","TOT","USD_CAP","A","2006",35211.893732,
"BEL","GDP","TOT","USD_CAP","A","2007",36745.503067,
"BEL","GDP","TOT","USD_CAP","A","2008",37883.233422,
"BEL","GDP","TOT","USD_CAP","A","2009",37779.034875,
"BEL","GDP","TOT","USD_CAP","A","2010",39868.992658,
"BEL","GDP","TOT","USD_CAP","A","2011",40943.343479,
"BEL","GDP","TOT","USD_CAP","A","2012",42290.477674,
"BEL","GDP","TOT","USD_CAP","A","2013",43672.712292,
"BEL","GDP","TOT","USD_CAP","A","2014",44929.933328,
"BEL","GDP","TOT","USD_CAP","A","2015",46201.685891,
"BEL","GDP","TOT","USD_CAP","A","2016",48599.202676,
"BEL","GDP","TOT","USD_CAP","A","2017",50442.947518,
"BEL","GDP","TOT","USD_CAP","A","2018",52662.767819,
"BEL","GDP","TOT","USD_CAP","A","2019",54709.354773,
"BEL","GDP","TOT","USD_CAP","A","2020",51873.230346,"P"
"CAN","GDP","TOT","USD_CAP","A","1991",20218.015789,
"CAN","GDP","TOT","USD_CAP","A","1992",20619.411325,
"CAN","GDP","TOT","USD_CAP","A","1993",21432.765161,
"CAN","GDP","TOT","USD_CAP","A","1994",22625.128167,
"CAN","GDP","TOT","USD_CAP","A","1995",23477.634292,
"CAN","GDP","TOT","USD_CAP","A","1996",24041.989428,
"CAN","GDP","TOT","USD_CAP","A","1997",25251.116848,
"CAN","GDP","TOT","USD_CAP","A","1998",26310.956955,
"CAN","GDP","TOT","USD_CAP","A","1999",27841.629576,
"CAN","GDP","TOT","USD_CAP","A","2000",29363.147122,
"CAN","GDP","TOT","USD_CAP","A","2001",30214.300999,
"CAN","GDP","TOT","USD_CAP","A","2002",30963.222007,
"CAN","GDP","TOT","USD_CAP","A","2003",32333.608155,
"CAN","GDP","TOT","USD_CAP","A","2004",33911.218288,
"CAN","GDP","TOT","USD_CAP","A","2005",36327.662059,
"CAN","GDP","TOT","USD_CAP","A","2006",38107.136242,
"CAN","GDP","TOT","USD_CAP","A","2007",39555.523703,
"CAN","GDP","TOT","USD_CAP","A","2008",40376.330167,
"CAN","GDP","TOT","USD_CAP","A","2009",38893.727456,
"CAN","GDP","TOT","USD_CAP","A","2010",40114.222041,
"CAN","GDP","TOT","USD_CAP","A","2011",41666.718851,
"CAN","GDP","TOT","USD_CAP","A","2012",42290.879082,
"CAN","GDP","TOT","USD_CAP","A","2013",44298.514462,
"CAN","GDP","TOT","USD_CAP","A","2014",45753.782936,
"CAN","GDP","TOT","USD_CAP","A","2015",44670.054374,
"CAN","GDP","TOT","USD_CAP","A","2016",46472.368771,
"CAN","GDP","TOT","USD_CAP","A","2017",48316.716527,
"CAN","GDP","TOT","USD_CAP","A","2018",50239.988278,
"CAN","GDP","TOT","USD_CAP","A","2019",50660.587438,
"CAN","GDP","TOT","USD_CAP","A","2020",48405.147781,
"CZE","GDP","TOT","USD_CAP","A","1991",11699.088491,"E"
"CZE","GDP","TOT","USD_CAP","A","1992",11894.559855,"E"
"CZE","GDP","TOT","USD_CAP","A","1993",12168.816797,"E"
"CZE","GDP","TOT","USD_CAP","A","1994",12783.381504,"E"
"CZE","GDP","TOT","USD_CAP","A","1995",13821.253758,
"CZE","GDP","TOT","USD_CAP","A","1996",14653.460983,
"CZE","GDP","TOT","USD_CAP","A","1997",14820.198326,
"CZE","GDP","TOT","USD_CAP","A","1998",14976.287116,
"CZE","GDP","TOT","USD_CAP","A","1999",15397.922823,
"CZE","GDP","TOT","USD_CAP","A","2000",16214.967545,
"CZE","GDP","TOT","USD_CAP","A","2001",17615.595018,
"CZE","GDP","TOT","USD_CAP","A","2002",18245.669005,
"CZE","GDP","TOT","USD_CAP","A","2003",19503.293709,
"CZE","GDP","TOT","USD_CAP","A","2004",20894.60712,
"CZE","GDP","TOT","USD_CAP","A","2005",22045.99888,
"CZE","GDP","TOT","USD_CAP","A","2006",23827.147382,
"CZE","GDP","TOT","USD_CAP","A","2007",26189.798385,
"CZE","GDP","TOT","USD_CAP","A","2008",27853.549898,
"CZE","GDP","TOT","USD_CAP","A","2009",27656.015128,
"CZE","GDP","TOT","USD_CAP","A","2010",27789.608377,
"CZE","GDP","TOT","USD_CAP","A","2011",28999.754757,
"CZE","GDP","TOT","USD_CAP","A","2012",29258.904853,
"CZE","GDP","TOT","USD_CAP","A","2013",30828.526409,
"CZE","GDP","TOT","USD_CAP","A","2014",32504.217576,
"CZE","GDP","TOT","USD_CAP","A","2015",33909.309243,
"CZE","GDP","TOT","USD_CAP","A","2016",36101.285601,
"CZE","GDP","TOT","USD_CAP","A","2017",38842.896268,
"CZE","GDP","TOT","USD_CAP","A","2018",41147.631528,
"CZE","GDP","TOT","USD_CAP","A","2019",43015.814745,
"CZE","GDP","TOT","USD_CAP","A","2020",41134.931169,
"DNK","GDP","TOT","USD_CAP","A","1991",19029.001048,
"DNK","GDP","TOT","USD_CAP","A","1992",19778.303328,
"DNK","GDP","TOT","USD_CAP","A","1993",20178.829135,
"DNK","GDP","TOT","USD_CAP","A","1994",21637.840264,
"DNK","GDP","TOT","USD_CAP","A","1995",22655.944619,
"DNK","GDP","TOT","USD_CAP","A","1996",23687.827456,
"DNK","GDP","TOT","USD_CAP","A","1997",24919.675703,
"DNK","GDP","TOT","USD_CAP","A","1998",25818.946768,
"DNK","GDP","TOT","USD_CAP","A","1999",26657.827372,
"DNK","GDP","TOT","USD_CAP","A","2000",28679.270722,
"DNK","GDP","TOT","USD_CAP","A","2001",29459.845737,
"DNK","GDP","TOT","USD_CAP","A","2002",30639.953691,
"DNK","GDP","TOT","USD_CAP","A","2003",30791.903459,
"DNK","GDP","TOT","USD_CAP","A","2004",32920.676921,
"DNK","GDP","TOT","USD_CAP","A","2005",34152.881663,
"DNK","GDP","TOT","USD_CAP","A","2006",37286.319861,
"DNK","GDP","TOT","USD_CAP","A","2007",38969.119721,
"DNK","GDP","TOT","USD_CAP","A","2008",41282.995471,
"DNK","GDP","TOT","USD_CAP","A","2009",40361.790678,
"DNK","GDP","TOT","USD_CAP","A","2010",43041.192361,
"DNK","GDP","TOT","USD_CAP","A","2011",44407.94207,
"DNK","GDP","TOT","USD_CAP","A","2012",44808.549212,
"DNK","GDP","TOT","USD_CAP","A","2013",46742.939663,
"DNK","GDP","TOT","USD_CAP","A","2014",47905.477079,
"DNK","GDP","TOT","USD_CAP","A","2015",49058.142344,
"DNK","GDP","TOT","USD_CAP","A","2016",51967.020438,
"DNK","GDP","TOT","USD_CAP","A","2017",55356.49009,
"DNK","GDP","TOT","USD_CAP","A","2018",57459.169626,
"DNK","GDP","TOT","USD_CAP","A","2019",60308.072261,
"DNK","GDP","TOT","USD_CAP","A","2020",59842.327077,
"FIN","GDP","TOT","USD_CAP","A","1991",17517.083718,
"FIN","GDP","TOT","USD_CAP","A","1992",17228.753019,
"FIN","GDP","TOT","USD_CAP","A","1993",17435.816507,
"FIN","GDP","TOT","USD_CAP","A","1994",18434.199087,
"FIN","GDP","TOT","USD_CAP","A","1995",19539.496806,
"FIN","GDP","TOT","USD_CAP","A","1996",20038.365756,
"FIN","GDP","TOT","USD_CAP","A","1997",21787.050734,
"FIN","GDP","TOT","USD_CAP","A","1998",23575.985475,
"FIN","GDP","TOT","USD_CAP","A","1999",24767.163974,
"FIN","GDP","TOT","USD_CAP","A","2000",26796.410421,
"FIN","GDP","TOT","USD_CAP","A","2001",27807.753126,
"FIN","GDP","TOT","USD_CAP","A","2002",28605.122922,
"FIN","GDP","TOT","USD_CAP","A","2003",29021.635677,
"FIN","GDP","TOT","USD_CAP","A","2004",31175.727708,
"FIN","GDP","TOT","USD_CAP","A","2005",32051.762889,
"FIN","GDP","TOT","USD_CAP","A","2006",34408.817577,
"FIN","GDP","TOT","USD_CAP","A","2007",37792.556693,
"FIN","GDP","TOT","USD_CAP","A","2008",40083.701943,
"FIN","GDP","TOT","USD_CAP","A","2009",38000.018769,
"FIN","GDP","TOT","USD_CAP","A","2010",38985.871994,
"FIN","GDP","TOT","USD_CAP","A","2011",40916.647325,
"FIN","GDP","TOT","USD_CAP","A","2012",40872.854802,
"FIN","GDP","TOT","USD_CAP","A","2013",41492.918416,
"FIN","GDP","TOT","USD_CAP","A","2014",41749.864733,
"FIN","GDP","TOT","USD_CAP","A","2015",42490.211049,
"FIN","GDP","TOT","USD_CAP","A","2016",44934.488245,
"FIN","GDP","TOT","USD_CAP","A","2017",47570.270354,
"FIN","GDP","TOT","USD_CAP","A","2018",49749.057567,
"FIN","GDP","TOT","USD_CAP","A","2019",51556.59032,
"FIN","GDP","TOT","USD_CAP","A","2020",50247.399815,
"FRA","GDP","TOT","USD_CAP","A","1991",18297.09381,
"FRA","GDP","TOT","USD_CAP","A","1992",18919.335638,
"FRA","GDP","TOT","USD_CAP","A","1993",19162.45698,
"FRA","GDP","TOT","USD_CAP","A","1994",19958.910936,
"FRA","GDP","TOT","USD_CAP","A","1995",20731.559765,
"FRA","GDP","TOT","USD_CAP","A","1996",21310.201946,
"FRA","GDP","TOT","USD_CAP","A","1997",22239.640072,
"FRA","GDP","TOT","USD_CAP","A","1998",23362.488152,
"FRA","GDP","TOT","USD_CAP","A","1999",24311.403864,
"FRA","GDP","TOT","USD_CAP","A","2000",26106.052895,
"FRA","GDP","TOT","USD_CAP","A","2001",27506.156751,
"FRA","GDP","TOT","USD_CAP","A","2002",28528.156107,
"FRA","GDP","TOT","USD_CAP","A","2003",28148.115653,
"FRA","GDP","TOT","USD_CAP","A","2004",29040.965294,
"FRA","GDP","TOT","USD_CAP","A","2005",30504.058784,
"FRA","GDP","TOT","USD_CAP","A","2006",32431.435631,
"FRA","GDP","TOT","USD_CAP","A","2007",34086.956799,
"FRA","GDP","TOT","USD_CAP","A","2008",35102.870428,
"FRA","GDP","TOT","USD_CAP","A","2009",34711.655714,
"FRA","GDP","TOT","USD_CAP","A","2010",35939.455835,
"FRA","GDP","TOT","USD_CAP","A","2011",37447.949543,
"FRA","GDP","TOT","USD_CAP","A","2012",37684.198067,
"FRA","GDP","TOT","USD_CAP","A","2013",39528.473644,
"FRA","GDP","TOT","USD_CAP","A","2014",40144.059485,
"FRA","GDP","TOT","USD_CAP","A","2015",40829.893311,
"FRA","GDP","TOT","USD_CAP","A","2016",42855.944562,
"FRA","GDP","TOT","USD_CAP","A","2017",44480.722199,
"FRA","GDP","TOT","USD_CAP","A","2018",46456.107107,"P"
"FRA","GDP","TOT","USD_CAP","A","2019",49225.564402,"P"
"FRA","GDP","TOT","USD_CAP","A","2020",45494.488417,"P"
"DEU","GDP","TOT","USD_CAP","A","1991",20955.50004,"B"
"DEU","GDP","TOT","USD_CAP","A","1992",21702.219369,
"DEU","GDP","TOT","USD_CAP","A","1993",21878.171782,
"DEU","GDP","TOT","USD_CAP","A","1994",22823.157071,
"DEU","GDP","TOT","USD_CAP","A","1995",23614.679946,
"DEU","GDP","TOT","USD_CAP","A","1996",24151.665336,
"DEU","GDP","TOT","USD_CAP","A","1997",24722.26844,
"DEU","GDP","TOT","USD_CAP","A","1998",25531.12268,
"DEU","GDP","TOT","USD_CAP","A","1999",26510.228697,
"DEU","GDP","TOT","USD_CAP","A","2000",27462.90882,
"DEU","GDP","TOT","USD_CAP","A","2001",28670.790607,
"DEU","GDP","TOT","USD_CAP","A","2002",29504.28924,
"DEU","GDP","TOT","USD_CAP","A","2003",30238.269264,
"DEU","GDP","TOT","USD_CAP","A","2004",31715.392519,
"DEU","GDP","TOT","USD_CAP","A","2005",32236.740986,
"DEU","GDP","TOT","USD_CAP","A","2006",34620.413592,
"DEU","GDP","TOT","USD_CAP","A","2007",36813.713454,
"DEU","GDP","TOT","USD_CAP","A","2008",38432.448211,
"DEU","GDP","TOT","USD_CAP","A","2009",37492.649447,
"DEU","GDP","TOT","USD_CAP","A","2010",39707.329953,
"DEU","GDP","TOT","USD_CAP","A","2011",42541.513126,
"DEU","GDP","TOT","USD_CAP","A","2012",43359.541048,
"DEU","GDP","TOT","USD_CAP","A","2013",44993.667838,
"DEU","GDP","TOT","USD_CAP","A","2014",47011.280402,
"DEU","GDP","TOT","USD_CAP","A","2015",47609.557159,
"DEU","GDP","TOT","USD_CAP","A","2016",50579.483717,
"DEU","GDP","TOT","USD_CAP","A","2017",52952.897774,
"DEU","GDP","TOT","USD_CAP","A","2018",54954.68658,
"DEU","GDP","TOT","USD_CAP","A","2019",55891.15984,
"DEU","GDP","TOT","USD_CAP","A","2020",53809.843557,"P"
"GRC","GDP","TOT","USD_CAP","A","1991",13940.312823,"E"
"GRC","GDP","TOT","USD_CAP","A","1992",14253.475422,"E"
"GRC","GDP","TOT","USD_CAP","A","1993",14278.985409,"E"
"GRC","GDP","TOT","USD_CAP","A","1994",14808.391538,"E"
"GRC","GDP","TOT","USD_CAP","A","1995",15395.287082,
"GRC","GDP","TOT","USD_CAP","A","1996",16110.16333,
"GRC","GDP","TOT","USD_CAP","A","1997",17149.86169,
"GRC","GDP","TOT","USD_CAP","A","1998",18032.977372,
"GRC","GDP","TOT","USD_CAP","A","1999",18464.726453,
"GRC","GDP","TOT","USD_CAP","A","2000",19524.703035,
"GRC","GDP","TOT","USD_CAP","A","2001",20963.822069,
"GRC","GDP","TOT","USD_CAP","A","2002",22615.957435,
"GRC","GDP","TOT","USD_CAP","A","2003",23871.921816,
"GRC","GDP","TOT","USD_CAP","A","2004",25439.31884,
"GRC","GDP","TOT","USD_CAP","A","2005",25577.445437,
"GRC","GDP","TOT","USD_CAP","A","2006",28510.877946,
"GRC","GDP","TOT","USD_CAP","A","2007",29284.612817,
"GRC","GDP","TOT","USD_CAP","A","2008",30855.935774,
"GRC","GDP","TOT","USD_CAP","A","2009",30381.482016,
"GRC","GDP","TOT","USD_CAP","A","2010",27934.317127,"B"
"GRC","GDP","TOT","USD_CAP","A","2011",25671.291223,
"GRC","GDP","TOT","USD_CAP","A","2012",24912.130664,
"GRC","GDP","TOT","USD_CAP","A","2013",25947.870627,
"GRC","GDP","TOT","USD_CAP","A","2014",26642.231958,
"GRC","GDP","TOT","USD_CAP","A","2015",26720.908773,
"GRC","GDP","TOT","USD_CAP","A","2016",27471.218206,
"GRC","GDP","TOT","USD_CAP","A","2017",28644.977147,
"GRC","GDP","TOT","USD_CAP","A","2018",29680.902369,"P"
"GRC","GDP","TOT","USD_CAP","A","2019",30869.249859,"P"
"GRC","GDP","TOT","USD_CAP","A","2020",28389.13061,"P"
"HUN","GDP","TOT","USD_CAP","A","1991",8327.183804,"E"
"HUN","GDP","TOT","USD_CAP","A","1992",8273.5709,"E"
"HUN","GDP","TOT","USD_CAP","A","1993",8445.342071,"E"
"HUN","GDP","TOT","USD_CAP","A","1994",8908.45228,"E"
"HUN","GDP","TOT","USD_CAP","A","1995",9169.985152,
"HUN","GDP","TOT","USD_CAP","A","1996",9329.287509,
"HUN","GDP","TOT","USD_CAP","A","1997",9821.418274,
"HUN","GDP","TOT","USD_CAP","A","1998",10397.681365,
"HUN","GDP","TOT","USD_CAP","A","1999",10873.247873,
"HUN","GDP","TOT","USD_CAP","A","2000",11858.334408,
"HUN","GDP","TOT","USD_CAP","A","2001",13213.635599,
"HUN","GDP","TOT","USD_CAP","A","2002",14526.388251,
"HUN","GDP","TOT","USD_CAP","A","2003",15465.365352,
"HUN","GDP","TOT","USD_CAP","A","2004",16230.260624,
"HUN","GDP","TOT","USD_CAP","A","2005",17073.551438,
"HUN","GDP","TOT","USD_CAP","A","2006",18337.205217,
"HUN","GDP","TOT","USD_CAP","A","2007",19041.087901,
"HUN","GDP","TOT","USD_CAP","A","2008",20696.728568,
"HUN","GDP","TOT","USD_CAP","A","2009",20689.046702,
"HUN","GDP","TOT","USD_CAP","A","2010",21716.650836,
"HUN","GDP","TOT","USD_CAP","A","2011",22999.830605,
"HUN","GDP","TOT","USD_CAP","A","2012",23206.255116,
"HUN","GDP","TOT","USD_CAP","A","2013",24498.658689,
"HUN","GDP","TOT","USD_CAP","A","2014",25642.556756,
"HUN","GDP","TOT","USD_CAP","A","2015",26777.470459,
"HUN","GDP","TOT","USD_CAP","A","2016",27911.664733,
"HUN","GDP","TOT","USD_CAP","A","2017",29465.126306,
"HUN","GDP","TOT","USD_CAP","A","2018",31831.981048,
"HUN","GDP","TOT","USD_CAP","A","2019",33956.821868,"P"
"HUN","GDP","TOT","USD_CAP","A","2020",33618.934605,"P"
"ISL","GDP","TOT","USD_CAP","A","1991",22348.029429,"E"
"ISL","GDP","TOT","USD_CAP","A","1992",21820.702176,"E"
"ISL","GDP","TOT","USD_CAP","A","1993",22401.161183,"E"
"ISL","GDP","TOT","USD_CAP","A","1994",23507.096749,"E"
"ISL","GDP","TOT","USD_CAP","A","1995",23902.718766,
"ISL","GDP","TOT","USD_CAP","A","1996",24716.28379,
"ISL","GDP","TOT","USD_CAP","A","1997",26886.302952,
"ISL","GDP","TOT","USD_CAP","A","1998",28745.860849,
"ISL","GDP","TOT","USD_CAP","A","1999",29576.841574,
"ISL","GDP","TOT","USD_CAP","A","2000",29792.576142,
"ISL","GDP","TOT","USD_CAP","A","2001",31875.051085,
"ISL","GDP","TOT","USD_CAP","A","2002",32598.376021,
"ISL","GDP","TOT","USD_CAP","A","2003",32690.496031,
"ISL","GDP","TOT","USD_CAP","A","2004",35522.714459,
"ISL","GDP","TOT","USD_CAP","A","2005",37427.934965,
"ISL","GDP","TOT","USD_CAP","A","2006",39579.737256,
"ISL","GDP","TOT","USD_CAP","A","2007",41435.17855,
"ISL","GDP","TOT","USD_CAP","A","2008",43456.216759,
"ISL","GDP","TOT","USD_CAP","A","2009",41802.999355,
"ISL","GDP","TOT","USD_CAP","A","2010",39810.803416,
"ISL","GDP","TOT","USD_CAP","A","2011",40938.664549,
"ISL","GDP","TOT","USD_CAP","A","2012",42006.543346,
"ISL","GDP","TOT","USD_CAP","A","2013",44404.731588,
"ISL","GDP","TOT","USD_CAP","A","2014",45995.001692,
"ISL","GDP","TOT","USD_CAP","A","2015",49203.294991,
"ISL","GDP","TOT","USD_CAP","A","2016",53486.615773,
"ISL","GDP","TOT","USD_CAP","A","2017",55638.491978,
"ISL","GDP","TOT","USD_CAP","A","2018",58225.804712,
"ISL","GDP","TOT","USD_CAP","A","2019",60075.684325,
"ISL","GDP","TOT","USD_CAP","A","2020",55967.237695,"E"
"IRL","GDP","TOT","USD_CAP","A","1991",14400.024058,"E"
"IRL","GDP","TOT","USD_CAP","A","1992",15096.428821,"E"
"IRL","GDP","TOT","USD_CAP","A","1993",15785.855382,"E"
"IRL","GDP","TOT","USD_CAP","A","1994",16993.893592,"E"
"IRL","GDP","TOT","USD_CAP","A","1995",18941.007318,
"IRL","GDP","TOT","USD_CAP","A","1996",20493.874964,
"IRL","GDP","TOT","USD_CAP","A","1997",22679.589175,
"IRL","GDP","TOT","USD_CAP","A","1998",25059.971644,
"IRL","GDP","TOT","USD_CAP","A","1999",27006.164112,
"IRL","GDP","TOT","USD_CAP","A","2000",30199.659419,
"IRL","GDP","TOT","USD_CAP","A","2001",32580.740763,
"IRL","GDP","TOT","USD_CAP","A","2002",35212.043804,
"IRL","GDP","TOT","USD_CAP","A","2003",36230.750862,
"IRL","GDP","TOT","USD_CAP","A","2004",38711.716309,
"IRL","GDP","TOT","USD_CAP","A","2005",40447.51192,
"IRL","GDP","TOT","USD_CAP","A","2006",44211.664919,
"IRL","GDP","TOT","USD_CAP","A","2007",46717.776723,
"IRL","GDP","TOT","USD_CAP","A","2008",44184.55577,
"IRL","GDP","TOT","USD_CAP","A","2009",41532.216851,
"IRL","GDP","TOT","USD_CAP","A","2010",43320.055178,
"IRL","GDP","TOT","USD_CAP","A","2011",44903.001303,
"IRL","GDP","TOT","USD_CAP","A","2012",46274.528754,
"IRL","GDP","TOT","USD_CAP","A","2013",47924.393776,
"IRL","GDP","TOT","USD_CAP","A","2014",51212.507468,
"IRL","GDP","TOT","USD_CAP","A","2015",69133.717666,
"IRL","GDP","TOT","USD_CAP","A","2016",71793.28924,
"IRL","GDP","TOT","USD_CAP","A","2017",78739.398464,
"IRL","GDP","TOT","USD_CAP","A","2018",85027.004221,
"IRL","GDP","TOT","USD_CAP","A","2019",89561.463935,
"IRL","GDP","TOT","USD_CAP","A","2020",90182.804579,
"ITA","GDP","TOT","USD_CAP","A","1991",19497.746407,"E"
"ITA","GDP","TOT","USD_CAP","A","1992",20100.806853,"E"
"ITA","GDP","TOT","USD_CAP","A","1993",20389.1124,"E"
"ITA","GDP","TOT","USD_CAP","A","1994",21268.095706,"E"
"ITA","GDP","TOT","USD_CAP","A","1995",22340.547473,
"ITA","GDP","TOT","USD_CAP","A","1996",23002.265874,
"ITA","GDP","TOT","USD_CAP","A","1997",23867.508126,
"ITA","GDP","TOT","USD_CAP","A","1998",25020.08757,
"ITA","GDP","TOT","USD_CAP","A","1999",25602.386484,
"ITA","GDP","TOT","USD_CAP","A","2000",27084.202085,
"ITA","GDP","TOT","USD_CAP","A","2001",28043.04706,
"ITA","GDP","TOT","USD_CAP","A","2002",28716.197174,
"ITA","GDP","TOT","USD_CAP","A","2003",29116.350319,
"ITA","GDP","TOT","USD_CAP","A","2004",29448.802597,
"ITA","GDP","TOT","USD_CAP","A","2005",30016.1557,
"ITA","GDP","TOT","USD_CAP","A","2006",32252.424492,
"ITA","GDP","TOT","USD_CAP","A","2007",33897.278447,
"ITA","GDP","TOT","USD_CAP","A","2008",35274.312724,
"ITA","GDP","TOT","USD_CAP","A","2009",34347.697478,
"ITA","GDP","TOT","USD_CAP","A","2010",34860.578039,
"ITA","GDP","TOT","USD_CAP","A","2011",36183.316026,
"ITA","GDP","TOT","USD_CAP","A","2012",36002.908697,
"ITA","GDP","TOT","USD_CAP","A","2013",36067.707344,
"ITA","GDP","TOT","USD_CAP","A","2014",36194.916674,
"ITA","GDP","TOT","USD_CAP","A","2015",36899.396401,
"ITA","GDP","TOT","USD_CAP","A","2016",39926.966169,
"ITA","GDP","TOT","USD_CAP","A","2017",41581.131252,
"ITA","GDP","TOT","USD_CAP","A","2018",43097.264517,
"ITA","GDP","TOT","USD_CAP","A","2019",44397.556124,
"ITA","GDP","TOT","USD_CAP","A","2020",41108.214758,
"JPN","GDP","TOT","USD_CAP","A","1991",20818.777571,
"JPN","GDP","TOT","USD_CAP","A","1992",21393.467094,
"JPN","GDP","TOT","USD_CAP","A","1993",21722.216697,
"JPN","GDP","TOT","USD_CAP","A","1994",22374.51321,
"JPN","GDP","TOT","USD_CAP","A","1995",23410.199891,
"JPN","GDP","TOT","USD_CAP","A","1996",24524.086789,
"JPN","GDP","TOT","USD_CAP","A","1997",25155.379974,
"JPN","GDP","TOT","USD_CAP","A","1998",25084.178683,
"JPN","GDP","TOT","USD_CAP","A","1999",25334.510151,
"JPN","GDP","TOT","USD_CAP","A","2000",26841.230748,
"JPN","GDP","TOT","USD_CAP","A","2001",27476.220728,
"JPN","GDP","TOT","USD_CAP","A","2002",28170.054375,
"JPN","GDP","TOT","USD_CAP","A","2003",28943.718353,
"JPN","GDP","TOT","USD_CAP","A","2004",30354.456682,
"JPN","GDP","TOT","USD_CAP","A","2005",31667.91436,
"JPN","GDP","TOT","USD_CAP","A","2006",33094.337825,
"JPN","GDP","TOT","USD_CAP","A","2007",34507.170217,
"JPN","GDP","TOT","USD_CAP","A","2008",34803.657814,
"JPN","GDP","TOT","USD_CAP","A","2009",33201.987096,
"JPN","GDP","TOT","USD_CAP","A","2010",34994.372225,
"JPN","GDP","TOT","USD_CAP","A","2011",35775.256332,
"JPN","GDP","TOT","USD_CAP","A","2012",37213.837398,
"JPN","GDP","TOT","USD_CAP","A","2013",39008.36056,
"JPN","GDP","TOT","USD_CAP","A","2014",39183.465681,
"JPN","GDP","TOT","USD_CAP","A","2015",40398.402903,
"JPN","GDP","TOT","USD_CAP","A","2016",39983.643655,
"JPN","GDP","TOT","USD_CAP","A","2017",40992.39323,
"JPN","GDP","TOT","USD_CAP","A","2018",41724.030341,
"JPN","GDP","TOT","USD_CAP","A","2019",42239.047617,"E"
"KOR","GDP","TOT","USD_CAP","A","1991",9471.455593,
"KOR","GDP","TOT","USD_CAP","A","1992",10181.490264,
"KOR","GDP","TOT","USD_CAP","A","1993",11026.869848,
"KOR","GDP","TOT","USD_CAP","A","1994",12182.981493,
"KOR","GDP","TOT","USD_CAP","A","1995",13497.975354,
"KOR","GDP","TOT","USD_CAP","A","1996",14688.991427,
"KOR","GDP","TOT","USD_CAP","A","1997",15716.204059,
"KOR","GDP","TOT","USD_CAP","A","1998",14969.393501,
"KOR","GDP","TOT","USD_CAP","A","1999",16807.013023,
"KOR","GDP","TOT","USD_CAP","A","2000",18539.420748,
"KOR","GDP","TOT","USD_CAP","A","2001",19713.595536,
"KOR","GDP","TOT","USD_CAP","A","2002",21396.719189,
"KOR","GDP","TOT","USD_CAP","A","2003",22084.778571,
"KOR","GDP","TOT","USD_CAP","A","2004",23763.307826,
"KOR","GDP","TOT","USD_CAP","A","2005",25186.638103,
"KOR","GDP","TOT","USD_CAP","A","2006",26875.232505,
"KOR","GDP","TOT","USD_CAP","A","2007",29050.159627,
"KOR","GDP","TOT","USD_CAP","A","2008",29945.899216,
"KOR","GDP","TOT","USD_CAP","A","2009",29529.785604,
"KOR","GDP","TOT","USD_CAP","A","2010",31748.35357,
"KOR","GDP","TOT","USD_CAP","A","2011",32546.517725,
"KOR","GDP","TOT","USD_CAP","A","2012",33557.030447,
"KOR","GDP","TOT","USD_CAP","A","2013",34244.239492,
"KOR","GDP","TOT","USD_CAP","A","2014",35324.260296,
"KOR","GDP","TOT","USD_CAP","A","2015",37902.361018,
"KOR","GDP","TOT","USD_CAP","A","2016",39575.302078,
"KOR","GDP","TOT","USD_CAP","A","2017",40957.347064,
"KOR","GDP","TOT","USD_CAP","A","2018",42486.739807,
"KOR","GDP","TOT","USD_CAP","A","2019",42728.031736,"P"
"KOR","GDP","TOT","USD_CAP","A","2020",42699.526766,"E"
"LUX","GDP","TOT","USD_CAP","A","1991",32837.547993,"E"
"LUX","GDP","TOT","USD_CAP","A","1992",33735.145994,"E"
"LUX","GDP","TOT","USD_CAP","A","1993",35478.772828,"E"
"LUX","GDP","TOT","USD_CAP","A","1994",37080.571957,"E"
"LUX","GDP","TOT","USD_CAP","A","1995",39515.461758,
"LUX","GDP","TOT","USD_CAP","A","1996",41271.252078,
"LUX","GDP","TOT","USD_CAP","A","1997",42794.865736,
"LUX","GDP","TOT","USD_CAP","A","1998",44343.753716,
"LUX","GDP","TOT","USD_CAP","A","1999",50526.653189,
"LUX","GDP","TOT","USD_CAP","A","2000",55279.773688,
"LUX","GDP","TOT","USD_CAP","A","2001",55853.002921,
"LUX","GDP","TOT","USD_CAP","A","2002",58709.015363,
"LUX","GDP","TOT","USD_CAP","A","2003",59960.025388,
"LUX","GDP","TOT","USD_CAP","A","2004",63998.592169,
"LUX","GDP","TOT","USD_CAP","A","2005",68140.65238,
"LUX","GDP","TOT","USD_CAP","A","2006",77880.528105,
"LUX","GDP","TOT","USD_CAP","A","2007",83837.451183,
"LUX","GDP","TOT","USD_CAP","A","2008",86591.985457,
"LUX","GDP","TOT","USD_CAP","A","2009",82249.998512,
"LUX","GDP","TOT","USD_CAP","A","2010",85587.014645,
"LUX","GDP","TOT","USD_CAP","A","2011",91814.036613,
"LUX","GDP","TOT","USD_CAP","A","2012",91526.720705,
"LUX","GDP","TOT","USD_CAP","A","2013",95246.113893,
"LUX","GDP","TOT","USD_CAP","A","2014",100933.604548,
"LUX","GDP","TOT","USD_CAP","A","2015",103760.127974,
"LUX","GDP","TOT","USD_CAP","A","2016",110260.934439,
"LUX","GDP","TOT","USD_CAP","A","2017",112187.731906,
"LUX","GDP","TOT","USD_CAP","A","2018",116480.803842,
"LUX","GDP","TOT","USD_CAP","A","2019",120670.500099,
"LUX","GDP","TOT","USD_CAP","A","2020",117613.939943,
"MEX","GDP","TOT","USD_CAP","A","1991",7614.179747,"E"
"MEX","GDP","TOT","USD_CAP","A","1992",7935.803462,"E"
"MEX","GDP","TOT","USD_CAP","A","1993",8277.718218,
"MEX","GDP","TOT","USD_CAP","A","1994",8733.591328,
"MEX","GDP","TOT","USD_CAP","A","1995",8228.851555,
"MEX","GDP","TOT","USD_CAP","A","1996",8817.65893,
"MEX","GDP","TOT","USD_CAP","A","1997",9452.916608,
"MEX","GDP","TOT","USD_CAP","A","1998",9922.291083,
"MEX","GDP","TOT","USD_CAP","A","1999",10216.053137,
"MEX","GDP","TOT","USD_CAP","A","2000",10870.409593,
"MEX","GDP","TOT","USD_CAP","A","2001",10931.09462,
"MEX","GDP","TOT","USD_CAP","A","2002",10999.980338,
"MEX","GDP","TOT","USD_CAP","A","2003",11302.737554,
"MEX","GDP","TOT","USD_CAP","A","2004",11921.837103,
"MEX","GDP","TOT","USD_CAP","A","2005",12539.95753,
"MEX","GDP","TOT","USD_CAP","A","2006",13720.688285,
"MEX","GDP","TOT","USD_CAP","A","2007",14233.029479,
"MEX","GDP","TOT","USD_CAP","A","2008",14885.902438,
"MEX","GDP","TOT","USD_CAP","A","2009",14532.386514,
"MEX","GDP","TOT","USD_CAP","A","2010",15257.673655,
"MEX","GDP","TOT","USD_CAP","A","2011",16546.641414,
"MEX","GDP","TOT","USD_CAP","A","2012",17220.06914,
"MEX","GDP","TOT","USD_CAP","A","2013",17461.798268,
"MEX","GDP","TOT","USD_CAP","A","2014",18178.397421,
"MEX","GDP","TOT","USD_CAP","A","2015",18454.801482,
"MEX","GDP","TOT","USD_CAP","A","2016",19516.145022,
"MEX","GDP","TOT","USD_CAP","A","2017",19947.197691,
"MEX","GDP","TOT","USD_CAP","A","2018",20518.580821,"P"
"MEX","GDP","TOT","USD_CAP","A","2019",20739.308737,"P"
"MEX","GDP","TOT","USD_CAP","A","2020",19161.750547,"E"
"NLD","GDP","TOT","USD_CAP","A","1991",20102.246439,"E"
"NLD","GDP","TOT","USD_CAP","A","1992",20754.114426,"E"
"NLD","GDP","TOT","USD_CAP","A","1993",21361.072806,"E"
"NLD","GDP","TOT","USD_CAP","A","1994",22330.337233,"E"
"NLD","GDP","TOT","USD_CAP","A","1995",23389.334808,
"NLD","GDP","TOT","USD_CAP","A","1996",24456.036125,
"NLD","GDP","TOT","USD_CAP","A","1997",26007.398523,
"NLD","GDP","TOT","USD_CAP","A","1998",27708.209226,
"NLD","GDP","TOT","USD_CAP","A","1999",29268.685491,
"NLD","GDP","TOT","USD_CAP","A","2000",31883.70496,
"NLD","GDP","TOT","USD_CAP","A","2001",33194.897494,
"NLD","GDP","TOT","USD_CAP","A","2002",34447.053372,
"NLD","GDP","TOT","USD_CAP","A","2003",34115.065703,
"NLD","GDP","TOT","USD_CAP","A","2004",35779.622867,
"NLD","GDP","TOT","USD_CAP","A","2005",37625.252435,
"NLD","GDP","TOT","USD_CAP","A","2006",40959.18563,
"NLD","GDP","TOT","USD_CAP","A","2007",43885.020938,
"NLD","GDP","TOT","USD_CAP","A","2008",46419.042594,
"NLD","GDP","TOT","USD_CAP","A","2009",44590.781562,
"NLD","GDP","TOT","USD_CAP","A","2010",45079.367407,
"NLD","GDP","TOT","USD_CAP","A","2011",46599.227659,
"NLD","GDP","TOT","USD_CAP","A","2012",47271.968226,
"NLD","GDP","TOT","USD_CAP","A","2013",49242.786711,
"NLD","GDP","TOT","USD_CAP","A","2014",49233.230349,
"NLD","GDP","TOT","USD_CAP","A","2015",50288.352815,
"NLD","GDP","TOT","USD_CAP","A","2016",52289.404292,
"NLD","GDP","TOT","USD_CAP","A","2017",55089.58143,
"NLD","GDP","TOT","USD_CAP","A","2018",57899.824961,"P"
"NLD","GDP","TOT","USD_CAP","A","2019",59468.672811,"P"
"NLD","GDP","TOT","USD_CAP","A","2020",57609.065456,"P"
"NZL","GDP","TOT","USD_CAP","A","1991",14524.139614,
"NZL","GDP","TOT","USD_CAP","A","1992",14867.763036,
"NZL","GDP","TOT","USD_CAP","A","1993",15881.392771,
"NZL","GDP","TOT","USD_CAP","A","1994",16976.474045,
"NZL","GDP","TOT","USD_CAP","A","1995",17825.310759,
"NZL","GDP","TOT","USD_CAP","A","1996",18388.39421,
"NZL","GDP","TOT","USD_CAP","A","1997",19082.407272,
"NZL","GDP","TOT","USD_CAP","A","1998",19306.483619,
"NZL","GDP","TOT","USD_CAP","A","1999",20537.595625,
"NZL","GDP","TOT","USD_CAP","A","2000",21471.617779,
"NZL","GDP","TOT","USD_CAP","A","2001",22387.147333,
"NZL","GDP","TOT","USD_CAP","A","2002",23180.064981,
"NZL","GDP","TOT","USD_CAP","A","2003",23856.565373,
"NZL","GDP","TOT","USD_CAP","A","2004",24995.646468,
"NZL","GDP","TOT","USD_CAP","A","2005",25590.127446,
"NZL","GDP","TOT","USD_CAP","A","2006",27664.745638,
"NZL","GDP","TOT","USD_CAP","A","2007",29275.954051,
"NZL","GDP","TOT","USD_CAP","A","2008",29748.931565,
"NZL","GDP","TOT","USD_CAP","A","2009",30591.621801,
"NZL","GDP","TOT","USD_CAP","A","2010",31152.554881,
"NZL","GDP","TOT","USD_CAP","A","2011",32638.103325,
"NZL","GDP","TOT","USD_CAP","A","2012",32916.91304,
"NZL","GDP","TOT","USD_CAP","A","2013",36084.865782,
"NZL","GDP","TOT","USD_CAP","A","2014",37084.794142,
"NZL","GDP","TOT","USD_CAP","A","2015",37246.951138,
"NZL","GDP","TOT","USD_CAP","A","2016",39719.042939,
"NZL","GDP","TOT","USD_CAP","A","2017",42074.660571,
"NZL","GDP","TOT","USD_CAP","A","2018",43738.114648,
"NZL","GDP","TOT","USD_CAP","A","2019",44612.279404,
"NZL","GDP","TOT","USD_CAP","A","2020",43635.943774,"E"
"NOR","GDP","TOT","USD_CAP","A","1991",19532.041644,
"NOR","GDP","TOT","USD_CAP","A","1992",20575.358771,
"NOR","GDP","TOT","USD_CAP","A","1993",21531.537068,
"NOR","GDP","TOT","USD_CAP","A","1994",22969.897384,
"NOR","GDP","TOT","USD_CAP","A","1995",24302.784912,
"NOR","GDP","TOT","USD_CAP","A","1996",26761.785334,
"NOR","GDP","TOT","USD_CAP","A","1997",28599.706298,
"NOR","GDP","TOT","USD_CAP","A","1998",28188.202185,
"NOR","GDP","TOT","USD_CAP","A","1999",30554.45254,
"NOR","GDP","TOT","USD_CAP","A","2000",36952.282492,
"NOR","GDP","TOT","USD_CAP","A","2001",37778.5612,
"NOR","GDP","TOT","USD_CAP","A","2002",37981.68638,
"NOR","GDP","TOT","USD_CAP","A","2003",38552.708652,
"NOR","GDP","TOT","USD_CAP","A","2004",42513.853145,
"NOR","GDP","TOT","USD_CAP","A","2005",47800.540634,
"NOR","GDP","TOT","USD_CAP","A","2006",54084.291298,
"NOR","GDP","TOT","USD_CAP","A","2007",55864.469542,
"NOR","GDP","TOT","USD_CAP","A","2008",61719.343656,
"NOR","GDP","TOT","USD_CAP","A","2009",55401.83115,
"NOR","GDP","TOT","USD_CAP","A","2010",57966.866732,
"NOR","GDP","TOT","USD_CAP","A","2011",62077.845797,
"NOR","GDP","TOT","USD_CAP","A","2012",65349.216157,
"NOR","GDP","TOT","USD_CAP","A","2013",66956.285962,
"NOR","GDP","TOT","USD_CAP","A","2014",65895.667611,
"NOR","GDP","TOT","USD_CAP","A","2015",60352.716908,
"NOR","GDP","TOT","USD_CAP","A","2016",58923.240139,
"NOR","GDP","TOT","USD_CAP","A","2017",64050.366694,
"NOR","GDP","TOT","USD_CAP","A","2018",69709.381608,
"NOR","GDP","TOT","USD_CAP","A","2019",68343.740792,
"NOR","GDP","TOT","USD_CAP","A","2020",68117.123175,
"POL","GDP","TOT","USD_CAP","A","1991",5938.090567,"E"
"POL","GDP","TOT","USD_CAP","A","1992",6215.720629,"E"
"POL","GDP","TOT","USD_CAP","A","1993",6592.567191,"E"
"POL","GDP","TOT","USD_CAP","A","1994",7083.980212,"E"
"POL","GDP","TOT","USD_CAP","A","1995",7730.766465,
"POL","GDP","TOT","USD_CAP","A","1996",8330.054463,
"POL","GDP","TOT","USD_CAP","A","1997",9016.9551,
"POL","GDP","TOT","USD_CAP","A","1998",9581.409564,
"POL","GDP","TOT","USD_CAP","A","1999",10143.29528,
"POL","GDP","TOT","USD_CAP","A","2000",10677.49872,
"POL","GDP","TOT","USD_CAP","A","2001",11123.674779,
"POL","GDP","TOT","USD_CAP","A","2002",11803.761357,
"POL","GDP","TOT","USD_CAP","A","2003",12278.87403,
"POL","GDP","TOT","USD_CAP","A","2004",13343.390787,
"POL","GDP","TOT","USD_CAP","A","2005",13898.413011,
"POL","GDP","TOT","USD_CAP","A","2006",15135.749292,
"POL","GDP","TOT","USD_CAP","A","2007",16784.447639,
"POL","GDP","TOT","USD_CAP","A","2008",18308.038986,
"POL","GDP","TOT","USD_CAP","A","2009",19088.289016,
"POL","GDP","TOT","USD_CAP","A","2010",20828.986526,
"POL","GDP","TOT","USD_CAP","A","2011",22553.514215,
"POL","GDP","TOT","USD_CAP","A","2012",23455.560312,
"POL","GDP","TOT","USD_CAP","A","2013",24272.842559,
"POL","GDP","TOT","USD_CAP","A","2014",25162.875509,
"POL","GDP","TOT","USD_CAP","A","2015",26534.723216,
"POL","GDP","TOT","USD_CAP","A","2016",27985.340009,
"POL","GDP","TOT","USD_CAP","A","2017",29714.590984,
"POL","GDP","TOT","USD_CAP","A","2018",31613.688164,
"POL","GDP","TOT","USD_CAP","A","2019",33777.646597,
"POL","GDP","TOT","USD_CAP","A","2020",33356.123878,
"PRT","GDP","TOT","USD_CAP","A","1991",12700.582427,"E"
"PRT","GDP","TOT","USD_CAP","A","1992",13136.826692,"E"
"PRT","GDP","TOT","USD_CAP","A","1993",13158.63288,"E"
"PRT","GDP","TOT","USD_CAP","A","1994",13536.716477,"E"
"PRT","GDP","TOT","USD_CAP","A","1995",14371.63835,
"PRT","GDP","TOT","USD_CAP","A","1996",14885.045863,
"PRT","GDP","TOT","USD_CAP","A","1997",15783.166645,
"PRT","GDP","TOT","USD_CAP","A","1998",16686.37633,
"PRT","GDP","TOT","USD_CAP","A","1999",17718.199563,
"PRT","GDP","TOT","USD_CAP","A","2000",18884.873913,
"PRT","GDP","TOT","USD_CAP","A","2001",19533.387272,
"PRT","GDP","TOT","USD_CAP","A","2002",20356.721555,
"PRT","GDP","TOT","USD_CAP","A","2003",20829.642284,
"PRT","GDP","TOT","USD_CAP","A","2004",21459.954835,
"PRT","GDP","TOT","USD_CAP","A","2005",22725.351606,
"PRT","GDP","TOT","USD_CAP","A","2006",24649.676772,
"PRT","GDP","TOT","USD_CAP","A","2007",25701.787963,
"PRT","GDP","TOT","USD_CAP","A","2008",26665.771577,
"PRT","GDP","TOT","USD_CAP","A","2009",26478.491799,
"PRT","GDP","TOT","USD_CAP","A","2010",27282.766346,
"PRT","GDP","TOT","USD_CAP","A","2011",26769.42769,
"PRT","GDP","TOT","USD_CAP","A","2012",26438.140472,
"PRT","GDP","TOT","USD_CAP","A","2013",27936.006299,
"PRT","GDP","TOT","USD_CAP","A","2014",28742.313125,
"PRT","GDP","TOT","USD_CAP","A","2015",29660.845901,
"PRT","GDP","TOT","USD_CAP","A","2016",31607.610185,
"PRT","GDP","TOT","USD_CAP","A","2017",33044.70015,
"PRT","GDP","TOT","USD_CAP","A","2018",34931.85988,
"PRT","GDP","TOT","USD_CAP","A","2019",36871.738281,"P"
"PRT","GDP","TOT","USD_CAP","A","2020",34199.578099,"E"
"SVK","GDP","TOT","USD_CAP","A","1992",7169.245892,"E"
"SVK","GDP","TOT","USD_CAP","A","1993",7453.365819,"E"
"SVK","GDP","TOT","USD_CAP","A","1994",8051.806328,"E"
"SVK","GDP","TOT","USD_CAP","A","1995",8674.313044,
"SVK","GDP","TOT","USD_CAP","A","1996",9383.845546,
"SVK","GDP","TOT","USD_CAP","A","1997",10082.278134,
"SVK","GDP","TOT","USD_CAP","A","1998",10621.950898,
"SVK","GDP","TOT","USD_CAP","A","1999",10714.989611,
"SVK","GDP","TOT","USD_CAP","A","2000",11356.253766,
"SVK","GDP","TOT","USD_CAP","A","2001",12389.813595,
"SVK","GDP","TOT","USD_CAP","A","2002",13307.878099,
"SVK","GDP","TOT","USD_CAP","A","2003",14150.806452,
"SVK","GDP","TOT","USD_CAP","A","2004",15185.209483,
"SVK","GDP","TOT","USD_CAP","A","2005",16595.261602,
"SVK","GDP","TOT","USD_CAP","A","2006",18826.142072,
"SVK","GDP","TOT","USD_CAP","A","2007",21110.422832,
"SVK","GDP","TOT","USD_CAP","A","2008",23608.977522,
"SVK","GDP","TOT","USD_CAP","A","2009",22963.908847,
"SVK","GDP","TOT","USD_CAP","A","2010",25030.420998,
"SVK","GDP","TOT","USD_CAP","A","2011",26084.105497,
"SVK","GDP","TOT","USD_CAP","A","2012",26973.791217,
"SVK","GDP","TOT","USD_CAP","A","2013",28004.527785,
"SVK","GDP","TOT","USD_CAP","A","2014",28997.375683,
"SVK","GDP","TOT","USD_CAP","A","2015",29927.681435,
"SVK","GDP","TOT","USD_CAP","A","2016",29659.331169,
"SVK","GDP","TOT","USD_CAP","A","2017",30082.484108,
"SVK","GDP","TOT","USD_CAP","A","2018",31509.439604,
"SVK","GDP","TOT","USD_CAP","A","2019",32562.554072,
"SVK","GDP","TOT","USD_CAP","A","2020",31443.368971,
"ESP","GDP","TOT","USD_CAP","A","1991",14273.58899,"E"
"ESP","GDP","TOT","USD_CAP","A","1992",14700.155139,"E"
"ESP","GDP","TOT","USD_CAP","A","1993",14860.725586,"E"
"ESP","GDP","TOT","USD_CAP","A","1994",15511.967914,"E"
"ESP","GDP","TOT","USD_CAP","A","1995",16250.412881,
"ESP","GDP","TOT","USD_CAP","A","1996",16940.421217,
"ESP","GDP","TOT","USD_CAP","A","1997",17909.831943,
"ESP","GDP","TOT","USD_CAP","A","1998",19100.328227,
"ESP","GDP","TOT","USD_CAP","A","1999",19962.792109,
"ESP","GDP","TOT","USD_CAP","A","2000",21600.822324,
"ESP","GDP","TOT","USD_CAP","A","2001",23006.611474,
"ESP","GDP","TOT","USD_CAP","A","2002",24376.32871,
"ESP","GDP","TOT","USD_CAP","A","2003",25015.219073,
"ESP","GDP","TOT","USD_CAP","A","2004",26160.194832,
"ESP","GDP","TOT","USD_CAP","A","2005",27600.937175,
"ESP","GDP","TOT","USD_CAP","A","2006",30704.576922,
"ESP","GDP","TOT","USD_CAP","A","2007",32423.53222,
"ESP","GDP","TOT","USD_CAP","A","2008",33242.245427,
"ESP","GDP","TOT","USD_CAP","A","2009",32112.818687,
"ESP","GDP","TOT","USD_CAP","A","2010",31716.709735,
"ESP","GDP","TOT","USD_CAP","A","2011",31872.363088,
"ESP","GDP","TOT","USD_CAP","A","2012",31724.631513,
"ESP","GDP","TOT","USD_CAP","A","2013",32452.659676,
"ESP","GDP","TOT","USD_CAP","A","2014",33544.352014,
"ESP","GDP","TOT","USD_CAP","A","2015",34929.20969,
"ESP","GDP","TOT","USD_CAP","A","2016",37313.634913,
"ESP","GDP","TOT","USD_CAP","A","2017",39580.188366,
"ESP","GDP","TOT","USD_CAP","A","2018",40780.287322,"P"
"ESP","GDP","TOT","USD_CAP","A","2019",42211.809525,"P"
"ESP","GDP","TOT","USD_CAP","A","2020",37933.262916,"P"
"SWE","GDP","TOT","USD_CAP","A","1991",20683.070544,"E"
"SWE","GDP","TOT","USD_CAP","A","1992",20786.300876,"E"
"SWE","GDP","TOT","USD_CAP","A","1993",20718.06961,
"SWE","GDP","TOT","USD_CAP","A","1994",21836.544499,
"SWE","GDP","TOT","USD_CAP","A","1995",23050.467255,
"SWE","GDP","TOT","USD_CAP","A","1996",23875.251836,
"SWE","GDP","TOT","USD_CAP","A","1997",24797.075531,
"SWE","GDP","TOT","USD_CAP","A","1998",25886.713848,
"SWE","GDP","TOT","USD_CAP","A","1999",27471.476497,
"SWE","GDP","TOT","USD_CAP","A","2000",29631.192149,
"SWE","GDP","TOT","USD_CAP","A","2001",29940.410211,
"SWE","GDP","TOT","USD_CAP","A","2002",30926.361002,
"SWE","GDP","TOT","USD_CAP","A","2003",31782.177947,
"SWE","GDP","TOT","USD_CAP","A","2004",33830.671978,
"SWE","GDP","TOT","USD_CAP","A","2005",34244.359285,
"SWE","GDP","TOT","USD_CAP","A","2006",37679.716019,
"SWE","GDP","TOT","USD_CAP","A","2007",40855.465147,
"SWE","GDP","TOT","USD_CAP","A","2008",42158.465614,
"SWE","GDP","TOT","USD_CAP","A","2009",40309.177594,
"SWE","GDP","TOT","USD_CAP","A","2010",42256.280065,
"SWE","GDP","TOT","USD_CAP","A","2011",44608.643898,
"SWE","GDP","TOT","USD_CAP","A","2012",45432.306926,
"SWE","GDP","TOT","USD_CAP","A","2013",46312.293685,
"SWE","GDP","TOT","USD_CAP","A","2014",47184.719403,
"SWE","GDP","TOT","USD_CAP","A","2015",49103.0618,
"SWE","GDP","TOT","USD_CAP","A","2016",50430.174559,
"SWE","GDP","TOT","USD_CAP","A","2017",51947.942867,
"SWE","GDP","TOT","USD_CAP","A","2018",53553.312077,
"SWE","GDP","TOT","USD_CAP","A","2019",55068.767404,
"SWE","GDP","TOT","USD_CAP","A","2020",53719.497913,
"CHE","GDP","TOT","USD_CAP","A","1991",28412.498675,
"CHE","GDP","TOT","USD_CAP","A","1992",28783.68748,
"CHE","GDP","TOT","USD_CAP","A","1993",29235.834228,
"CHE","GDP","TOT","USD_CAP","A","1994",30033.037612,
"CHE","GDP","TOT","USD_CAP","A","1995",30536.803521,
"CHE","GDP","TOT","USD_CAP","A","1996",31199.440585,
"CHE","GDP","TOT","USD_CAP","A","1997",32466.226299,
"CHE","GDP","TOT","USD_CAP","A","1998",33588.300634,
"CHE","GDP","TOT","USD_CAP","A","1999",34476.513265,
"CHE","GDP","TOT","USD_CAP","A","2000",36441.969934,
"CHE","GDP","TOT","USD_CAP","A","2001",37608.082988,
"CHE","GDP","TOT","USD_CAP","A","2002",38519.185231,
"CHE","GDP","TOT","USD_CAP","A","2003",38511.974614,
"CHE","GDP","TOT","USD_CAP","A","2004",40011.303647,
"CHE","GDP","TOT","USD_CAP","A","2005",41467.497321,
"CHE","GDP","TOT","USD_CAP","A","2006",46129.811162,
"CHE","GDP","TOT","USD_CAP","A","2007",50804.677376,
"CHE","GDP","TOT","USD_CAP","A","2008",53784.37338,
"CHE","GDP","TOT","USD_CAP","A","2009",53150.627259,
"CHE","GDP","TOT","USD_CAP","A","2010",54809.791037,
"CHE","GDP","TOT","USD_CAP","A","2011",57987.486864,
"CHE","GDP","TOT","USD_CAP","A","2012",59933.617056,
"CHE","GDP","TOT","USD_CAP","A","2013",62225.11235,
"CHE","GDP","TOT","USD_CAP","A","2014",64103.009758,
"CHE","GDP","TOT","USD_CAP","A","2015",66020.20952,
"CHE","GDP","TOT","USD_CAP","A","2016",68105.138178,
"CHE","GDP","TOT","USD_CAP","A","2017",69103.567686,
"CHE","GDP","TOT","USD_CAP","A","2018",71705.600337,
"CHE","GDP","TOT","USD_CAP","A","2019",73114.493516,
"CHE","GDP","TOT","USD_CAP","A","2020",71026.477429,"P"
"TUR","GDP","TOT","USD_CAP","A","1991",8486.712419,"E"
"TUR","GDP","TOT","USD_CAP","A","1992",9049.250022,"E"
"TUR","GDP","TOT","USD_CAP","A","1993",9848.432197,"E"
"TUR","GDP","TOT","USD_CAP","A","1994",9360.607017,"E"
"TUR","GDP","TOT","USD_CAP","A","1995",10086.596858,"E"
"TUR","GDP","TOT","USD_CAP","A","1996",10805.306222,"E"
"TUR","GDP","TOT","USD_CAP","A","1997",11646.861971,"E"
"TUR","GDP","TOT","USD_CAP","A","1998",8937.018414,
"TUR","GDP","TOT","USD_CAP","A","1999",8625.279388,
"TUR","GDP","TOT","USD_CAP","A","2000",9478.892226,
"TUR","GDP","TOT","USD_CAP","A","2001",9145.527684,
"TUR","GDP","TOT","USD_CAP","A","2002",9279.072677,
"TUR","GDP","TOT","USD_CAP","A","2003",9587.561223,
"TUR","GDP","TOT","USD_CAP","A","2004",10875.238229,
"TUR","GDP","TOT","USD_CAP","A","2005",11910.606724,
"TUR","GDP","TOT","USD_CAP","A","2006",13623.402879,
"TUR","GDP","TOT","USD_CAP","A","2007",14845.034672,
"TUR","GDP","TOT","USD_CAP","A","2008",16038.231645,
"TUR","GDP","TOT","USD_CAP","A","2009",15453.982835,
"TUR","GDP","TOT","USD_CAP","A","2010",17359.967189,
"TUR","GDP","TOT","USD_CAP","A","2011",19590.858369,
"TUR","GDP","TOT","USD_CAP","A","2012",20627.440729,
"TUR","GDP","TOT","USD_CAP","A","2013",22373.136543,
"TUR","GDP","TOT","USD_CAP","A","2014",24104.984583,
"TUR","GDP","TOT","USD_CAP","A","2015",25855.912681,
"TUR","GDP","TOT","USD_CAP","A","2016",26695.909373,
"TUR","GDP","TOT","USD_CAP","A","2017",28193.061398,
"TUR","GDP","TOT","USD_CAP","A","2018",28263.241827,
"TUR","GDP","TOT","USD_CAP","A","2019",27599.829476,
"TUR","GDP","TOT","USD_CAP","A","2020",28648.424281,"P"
"GBR","GDP","TOT","USD_CAP","A","1991",17314.530887,
"GBR","GDP","TOT","USD_CAP","A","1992",17735.061764,
"GBR","GDP","TOT","USD_CAP","A","1993",18565.700177,
"GBR","GDP","TOT","USD_CAP","A","1994",19641.066966,
"GBR","GDP","TOT","USD_CAP","A","1995",20502.823096,
"GBR","GDP","TOT","USD_CAP","A","1996",21827.619484,
"GBR","GDP","TOT","USD_CAP","A","1997",23022.538715,
"GBR","GDP","TOT","USD_CAP","A","1998",23662.053382,
"GBR","GDP","TOT","USD_CAP","A","1999",24410.78842,
"GBR","GDP","TOT","USD_CAP","A","2000",26423.951157,
"GBR","GDP","TOT","USD_CAP","A","2001",27733.449638,
"GBR","GDP","TOT","USD_CAP","A","2002",28999.263599,
"GBR","GDP","TOT","USD_CAP","A","2003",30238.338666,
"GBR","GDP","TOT","USD_CAP","A","2004",31922.795895,
"GBR","GDP","TOT","USD_CAP","A","2005",32586.151002,
"GBR","GDP","TOT","USD_CAP","A","2006",34668.80413,
"GBR","GDP","TOT","USD_CAP","A","2007",35507.373473,
"GBR","GDP","TOT","USD_CAP","A","2008",36634.610738,
"GBR","GDP","TOT","USD_CAP","A","2009",35052.174843,
"GBR","GDP","TOT","USD_CAP","A","2010",36468.172567,
"GBR","GDP","TOT","USD_CAP","A","2011",37154.162977,
"GBR","GDP","TOT","USD_CAP","A","2012",38296.701025,
"GBR","GDP","TOT","USD_CAP","A","2013",39945.104528,
"GBR","GDP","TOT","USD_CAP","A","2014",41292.491286,
"GBR","GDP","TOT","USD_CAP","A","2015",42571.653412,
"GBR","GDP","TOT","USD_CAP","A","2016",44125.534988,
"GBR","GDP","TOT","USD_CAP","A","2017",45757.778123,
"GBR","GDP","TOT","USD_CAP","A","2018",47163.170633,
"GBR","GDP","TOT","USD_CAP","A","2019",48542.092734,
"GBR","GDP","TOT","USD_CAP","A","2020",43902.773625,
"USA","GDP","TOT","USD_CAP","A","1991",24289.547588,
"USA","GDP","TOT","USD_CAP","A","1992",25378.624641,
"USA","GDP","TOT","USD_CAP","A","1993",26350.492927,
"USA","GDP","TOT","USD_CAP","A","1994",27660.268357,
"USA","GDP","TOT","USD_CAP","A","1995",28657.512716,
"USA","GDP","TOT","USD_CAP","A","1996",29932.157767,
"USA","GDP","TOT","USD_CAP","A","1997",31424.438925,
"USA","GDP","TOT","USD_CAP","A","1998",32817.981996,
"USA","GDP","TOT","USD_CAP","A","1999",34477.972133,
"USA","GDP","TOT","USD_CAP","A","2000",36304.602016,
"USA","GDP","TOT","USD_CAP","A","2001",37099.910597,
"USA","GDP","TOT","USD_CAP","A","2002",37979.607925,
"USA","GDP","TOT","USD_CAP","A","2003",39426.087136,
"USA","GDP","TOT","USD_CAP","A","2004",41647.843907,
"USA","GDP","TOT","USD_CAP","A","2005",44043.734142,
"USA","GDP","TOT","USD_CAP","A","2006",46230.846201,
"USA","GDP","TOT","USD_CAP","A","2007",47902.060352,
"USA","GDP","TOT","USD_CAP","A","2008",48311.223702,
"USA","GDP","TOT","USD_CAP","A","2009",47028.160396,
"USA","GDP","TOT","USD_CAP","A","2010",48396.74085,
"USA","GDP","TOT","USD_CAP","A","2011",49814.371334,
"USA","GDP","TOT","USD_CAP","A","2012",51548.021718,
"USA","GDP","TOT","USD_CAP","A","2013",53056.676476,
"USA","GDP","TOT","USD_CAP","A","2014",55008.012403,
"USA","GDP","TOT","USD_CAP","A","2015",56831.654815,
"USA","GDP","TOT","USD_CAP","A","2016",58000.888034,
"USA","GDP","TOT","USD_CAP","A","2017",60091.568784,
"USA","GDP","TOT","USD_CAP","A","2018",63043.046469,
"USA","GDP","TOT","USD_CAP","A","2019",65240.379025,
"USA","GDP","TOT","USD_CAP","A","2020",63415.033076,"E"
"CHL","GDP","TOT","USD_CAP","A","1991",5190.382613,"E"
"CHL","GDP","TOT","USD_CAP","A","1992",5854.3742,"E"
"CHL","GDP","TOT","USD_CAP","A","1993",6299.643801,"E"
"CHL","GDP","TOT","USD_CAP","A","1994",6684.533913,"E"
"CHL","GDP","TOT","USD_CAP","A","1995",7422.424725,"E"
"CHL","GDP","TOT","USD_CAP","A","1996",8007.106332,
"CHL","GDP","TOT","USD_CAP","A","1997",8631.577192,
"CHL","GDP","TOT","USD_CAP","A","1998",8984.419434,
"CHL","GDP","TOT","USD_CAP","A","1999",8956.789394,
"CHL","GDP","TOT","USD_CAP","A","2000",9519.174434,
"CHL","GDP","TOT","USD_CAP","A","2001",9937.064619,
"CHL","GDP","TOT","USD_CAP","A","2002",10292.91805,
"CHL","GDP","TOT","USD_CAP","A","2003",10793.770959,
"CHL","GDP","TOT","USD_CAP","A","2004",11757.51176,
"CHL","GDP","TOT","USD_CAP","A","2005",12667.853587,
"CHL","GDP","TOT","USD_CAP","A","2006",15685.218973,
"CHL","GDP","TOT","USD_CAP","A","2007",16872.268785,
"CHL","GDP","TOT","USD_CAP","A","2008",16447.33384,
"CHL","GDP","TOT","USD_CAP","A","2009",16119.89398,
"CHL","GDP","TOT","USD_CAP","A","2010",18129.087986,
"CHL","GDP","TOT","USD_CAP","A","2011",20302.78871,
"CHL","GDP","TOT","USD_CAP","A","2012",21446.537619,
"CHL","GDP","TOT","USD_CAP","A","2013",22352.530726,
"CHL","GDP","TOT","USD_CAP","A","2014",22687.933017,
"CHL","GDP","TOT","USD_CAP","A","2015",22603.768381,
"CHL","GDP","TOT","USD_CAP","A","2016",23349.677001,
"CHL","GDP","TOT","USD_CAP","A","2017",24402.005375,
"CHL","GDP","TOT","USD_CAP","A","2018",24686.142367,
"CHL","GDP","TOT","USD_CAP","A","2019",25856.985466,
"CHL","GDP","TOT","USD_CAP","A","2020",24502.94567,"E"
"CHN","GDP","TOT","USD_CAP","A","1991",1087.728205,
"CHN","GDP","TOT","USD_CAP","A","1992",1256.147371,
"CHN","GDP","TOT","USD_CAP","A","1993",1447.809875,
"CHN","GDP","TOT","USD_CAP","A","1994",1652.916985,
"CHN","GDP","TOT","USD_CAP","A","1995",1852.781899,
"CHN","GDP","TOT","USD_CAP","A","1996",2052.428714,
"CHN","GDP","TOT","USD_CAP","A","1997",2257.847343,
"CHN","GDP","TOT","USD_CAP","A","1998",2440.003049,
"CHN","GDP","TOT","USD_CAP","A","1999",2643.161035,
"CHN","GDP","TOT","USD_CAP","A","2000",2909.533494,
"CHN","GDP","TOT","USD_CAP","A","2001",3198.891771,
"CHN","GDP","TOT","USD_CAP","A","2002",3523.483224,
"CHN","GDP","TOT","USD_CAP","A","2003",3925.520688,
"CHN","GDP","TOT","USD_CAP","A","2004",4412.919867,
"CHN","GDP","TOT","USD_CAP","A","2005",5039.10345,
"CHN","GDP","TOT","USD_CAP","A","2006",5821.210961,
"CHN","GDP","TOT","USD_CAP","A","2007",6793.052193,
"CHN","GDP","TOT","USD_CAP","A","2008",7555.032225,
"CHN","GDP","TOT","USD_CAP","A","2009",8287.678054,
"CHN","GDP","TOT","USD_CAP","A","2010",9231.648126,
"CHN","GDP","TOT","USD_CAP","A","2011",10275.255685,
"CHN","GDP","TOT","USD_CAP","A","2012",11169.935527,
"CHN","GDP","TOT","USD_CAP","A","2013",11894.484186,
"CHN","GDP","TOT","USD_CAP","A","2014",12517.200433,
"CHN","GDP","TOT","USD_CAP","A","2015",12946.666743,
"CHN","GDP","TOT","USD_CAP","A","2016",13532.915183,
"CHN","GDP","TOT","USD_CAP","A","2017",14306.396116,
"COL","GDP","TOT","USD_CAP","A","1991",5200.78712,"E"
"COL","GDP","TOT","USD_CAP","A","1992",5441.441062,"E"
"COL","GDP","TOT","USD_CAP","A","1993",5777.756783,"E"
"COL","GDP","TOT","USD_CAP","A","1994",6122.683411,"E"
"COL","GDP","TOT","USD_CAP","A","1995",6475.32925,"E"
"COL","GDP","TOT","USD_CAP","A","1996",6593.758186,"E"
"COL","GDP","TOT","USD_CAP","A","1997",6820.034253,"E"
"COL","GDP","TOT","USD_CAP","A","1998",6841.299649,"E"
"COL","GDP","TOT","USD_CAP","A","1999",6489.336268,"E"
"COL","GDP","TOT","USD_CAP","A","2000",6709.482677,"E"
"COL","GDP","TOT","USD_CAP","A","2001",6883.218978,"E"
"COL","GDP","TOT","USD_CAP","A","2002",7077.150872,"E"
"COL","GDP","TOT","USD_CAP","A","2003",7398.391242,"E"
"COL","GDP","TOT","USD_CAP","A","2004",7905.061738,"E"
"COL","GDP","TOT","USD_CAP","A","2005",8431.955633,
"COL","GDP","TOT","USD_CAP","A","2006",9160.70697,
"COL","GDP","TOT","USD_CAP","A","2007",9922.22572,
"COL","GDP","TOT","USD_CAP","A","2008",10324.87588,
"COL","GDP","TOT","USD_CAP","A","2009",10399.468562,
"COL","GDP","TOT","USD_CAP","A","2010",10866.058552,
"COL","GDP","TOT","USD_CAP","A","2011",11726.775903,
"COL","GDP","TOT","USD_CAP","A","2012",12115.059684,
"COL","GDP","TOT","USD_CAP","A","2013",12799.508325,
"COL","GDP","TOT","USD_CAP","A","2014",13365.993539,
"COL","GDP","TOT","USD_CAP","A","2015",13330.562044,
"COL","GDP","TOT","USD_CAP","A","2016",14054.69606,
"COL","GDP","TOT","USD_CAP","A","2017",14479.812544,
"COL","GDP","TOT","USD_CAP","A","2018",15256.201618,
"COL","GDP","TOT","USD_CAP","A","2019",16077.321381,"P"
"COL","GDP","TOT","USD_CAP","A","2020",15005.515379,"E"
"EST","GDP","TOT","USD_CAP","A","1993",5725.086519,"E"
"EST","GDP","TOT","USD_CAP","A","1994",5884.861897,"E"
"EST","GDP","TOT","USD_CAP","A","1995",6405.567804,
"EST","GDP","TOT","USD_CAP","A","1996",6820.075318,
"EST","GDP","TOT","USD_CAP","A","1997",7929.592086,
"EST","GDP","TOT","USD_CAP","A","1998",8396.022333,
"EST","GDP","TOT","USD_CAP","A","1999",8486.98644,
"EST","GDP","TOT","USD_CAP","A","2000",9408.746713,
"EST","GDP","TOT","USD_CAP","A","2001",10292.332523,
"EST","GDP","TOT","USD_CAP","A","2002",11635.368438,
"EST","GDP","TOT","USD_CAP","A","2003",13081.093634,
"EST","GDP","TOT","USD_CAP","A","2004",14482.628473,
"EST","GDP","TOT","USD_CAP","A","2005",16574.460822,
"EST","GDP","TOT","USD_CAP","A","2006",19251.861485,
"EST","GDP","TOT","USD_CAP","A","2007",22128.125303,
"EST","GDP","TOT","USD_CAP","A","2008",22807.728472,
"EST","GDP","TOT","USD_CAP","A","2009",20590.604838,
"EST","GDP","TOT","USD_CAP","A","2010",21785.161132,
"EST","GDP","TOT","USD_CAP","A","2011",24738.851132,
"EST","GDP","TOT","USD_CAP","A","2012",26141.083529,
"EST","GDP","TOT","USD_CAP","A","2013",27596.458609,
"EST","GDP","TOT","USD_CAP","A","2014",29107.89112,
"EST","GDP","TOT","USD_CAP","A","2015",29436.42026,
"EST","GDP","TOT","USD_CAP","A","2016",31574.446846,
"EST","GDP","TOT","USD_CAP","A","2017",33902.097344,
"EST","GDP","TOT","USD_CAP","A","2018",36406.04542,
"EST","GDP","TOT","USD_CAP","A","2019",38880.845059,
"EST","GDP","TOT","USD_CAP","A","2020",38359.249172,
"IND","GDP","TOT","USD_CAP","A","2004",2738.755667,"E"
"IND","GDP","TOT","USD_CAP","A","2005",2998.992121,"E"
"IND","GDP","TOT","USD_CAP","A","2006",3267.10439,"E"
"IND","GDP","TOT","USD_CAP","A","2007",3591.547682,"E"
"IND","GDP","TOT","USD_CAP","A","2008",3732.94869,"E"
"IND","GDP","TOT","USD_CAP","A","2009",3987.849459,"E"
"IND","GDP","TOT","USD_CAP","A","2010",4295.763887,"E"
"IND","GDP","TOT","USD_CAP","A","2011",4605.230111,
"IND","GDP","TOT","USD_CAP","A","2012",4982.312076,
"IND","GDP","TOT","USD_CAP","A","2013",5177.871752,
"IND","GDP","TOT","USD_CAP","A","2014",5352.029977,
"IND","GDP","TOT","USD_CAP","A","2015",5577.337632,
"IND","GDP","TOT","USD_CAP","A","2016",5901.21084,
"IDN","GDP","TOT","USD_CAP","A","1993",4772.398486,"E"
"IDN","GDP","TOT","USD_CAP","A","1994",5169.582916,"E"
"IDN","GDP","TOT","USD_CAP","A","1995",5633.110153,"E"
"IDN","GDP","TOT","USD_CAP","A","1996",6099.485612,"E"
"IDN","GDP","TOT","USD_CAP","A","1997",6406.73873,"E"
"IDN","GDP","TOT","USD_CAP","A","1998",5550.818261,"E"
"IDN","GDP","TOT","USD_CAP","A","1999",5597.288298,"E"
"IDN","GDP","TOT","USD_CAP","A","2000",5352.28964,"E"
"IDN","GDP","TOT","USD_CAP","A","2001",5584.096234,"E"
"IDN","GDP","TOT","USD_CAP","A","2002",5838.901329,"E"
"IDN","GDP","TOT","USD_CAP","A","2003",6138.338789,"E"
"IDN","GDP","TOT","USD_CAP","A","2004",6521.591489,"E"
"IDN","GDP","TOT","USD_CAP","A","2005",7001.130255,"E"
"IDN","GDP","TOT","USD_CAP","A","2006",7495.84456,"E"
"IDN","GDP","TOT","USD_CAP","A","2007",8063.035321,"E"
"IDN","GDP","TOT","USD_CAP","A","2008",8583.717617,
"IDN","GDP","TOT","USD_CAP","A","2009",8735.401828,
"IDN","GDP","TOT","USD_CAP","A","2010",8623.978571,
"IDN","GDP","TOT","USD_CAP","A","2011",9213.212405,
"IDN","GDP","TOT","USD_CAP","A","2012",9833.689555,
"IDN","GDP","TOT","USD_CAP","A","2013",10188.331849,
"IDN","GDP","TOT","USD_CAP","A","2014",10398.959732,
"IDN","GDP","TOT","USD_CAP","A","2015",10364.397282,
"IDN","GDP","TOT","USD_CAP","A","2016",10610.141435,
"IDN","GDP","TOT","USD_CAP","A","2017",11050.882373,
"ISR","GDP","TOT","USD_CAP","A","1995",19966.219859,
"ISR","GDP","TOT","USD_CAP","A","1996",20830.398369,
"ISR","GDP","TOT","USD_CAP","A","1997",21463.097777,
"ISR","GDP","TOT","USD_CAP","A","1998",22067.09922,
"ISR","GDP","TOT","USD_CAP","A","1999",22591.671271,
"ISR","GDP","TOT","USD_CAP","A","2000",24939.693936,
"ISR","GDP","TOT","USD_CAP","A","2001",24906.775848,
"ISR","GDP","TOT","USD_CAP","A","2002",25204.72917,
"ISR","GDP","TOT","USD_CAP","A","2003",23800.648789,
"ISR","GDP","TOT","USD_CAP","A","2004",25152.86853,
"ISR","GDP","TOT","USD_CAP","A","2005",24743.425441,
"ISR","GDP","TOT","USD_CAP","A","2006",25580.825491,
"ISR","GDP","TOT","USD_CAP","A","2007",27352.814955,
"ISR","GDP","TOT","USD_CAP","A","2008",27304.814799,
"ISR","GDP","TOT","USD_CAP","A","2009",27504.022421,
"ISR","GDP","TOT","USD_CAP","A","2010",28836.15537,
"ISR","GDP","TOT","USD_CAP","A","2011",30497.568631,
"ISR","GDP","TOT","USD_CAP","A","2012",31706.1862,
"ISR","GDP","TOT","USD_CAP","A","2013",34167.038321,
"ISR","GDP","TOT","USD_CAP","A","2014",34282.236043,
"ISR","GDP","TOT","USD_CAP","A","2015",35487.894439,
"ISR","GDP","TOT","USD_CAP","A","2016",37806.427116,
"ISR","GDP","TOT","USD_CAP","A","2017",38849.910298,
"ISR","GDP","TOT","USD_CAP","A","2018",40351.274189,
"ISR","GDP","TOT","USD_CAP","A","2019",41964.735422,
"ISR","GDP","TOT","USD_CAP","A","2020",40732.276453,"E"
"RUS","GDP","TOT","USD_CAP","A","1995",6022.881532,"E"
"RUS","GDP","TOT","USD_CAP","A","1996",5920.496933,"E"
"RUS","GDP","TOT","USD_CAP","A","1997",6115.87234,"E"
"RUS","GDP","TOT","USD_CAP","A","1998",5863.841604,"E"
"RUS","GDP","TOT","USD_CAP","A","1999",6345.894176,"E"
"RUS","GDP","TOT","USD_CAP","A","2000",7323.44018,"E"
"RUS","GDP","TOT","USD_CAP","A","2001",7898.522928,"E"
"RUS","GDP","TOT","USD_CAP","A","2002",8623.997299,"E"
"RUS","GDP","TOT","USD_CAP","A","2003",9940.232555,"E"
"RUS","GDP","TOT","USD_CAP","A","2004",10984.496611,"E"
"RUS","GDP","TOT","USD_CAP","A","2005",12698.299229,"E"
"RUS","GDP","TOT","USD_CAP","A","2006",16017.124233,"E"
"RUS","GDP","TOT","USD_CAP","A","2007",17881.758587,"E"
"RUS","GDP","TOT","USD_CAP","A","2008",21657.589062,"E"
"RUS","GDP","TOT","USD_CAP","A","2009",20826.597968,"E"
"RUS","GDP","TOT","USD_CAP","A","2010",22008.299275,"E"
"RUS","GDP","TOT","USD_CAP","A","2011",22798.673917,
"RUS","GDP","TOT","USD_CAP","A","2012",24303.491049,
"RUS","GDP","TOT","USD_CAP","A","2013",26073.873547,
"RUS","GDP","TOT","USD_CAP","A","2014",25761.66151,
"RUS","GDP","TOT","USD_CAP","A","2015",24085.312853,
"RUS","GDP","TOT","USD_CAP","A","2016",24128.081806,
"RUS","GDP","TOT","USD_CAP","A","2017",25926.431403,
"RUS","GDP","TOT","USD_CAP","A","2018",28893.861781,
"RUS","GDP","TOT","USD_CAP","A","2019",29403.808518,
"SVN","GDP","TOT","USD_CAP","A","1995",13602.803998,
"SVN","GDP","TOT","USD_CAP","A","1996",14264.321803,
"SVN","GDP","TOT","USD_CAP","A","1997",15274.616662,
"SVN","GDP","TOT","USD_CAP","A","1998",16049.539912,
"SVN","GDP","TOT","USD_CAP","A","1999",17077.485063,
"SVN","GDP","TOT","USD_CAP","A","2000",18004.796667,
"SVN","GDP","TOT","USD_CAP","A","2001",18957.424463,
"SVN","GDP","TOT","USD_CAP","A","2002",20236.432071,
"SVN","GDP","TOT","USD_CAP","A","2003",21084.85741,
"SVN","GDP","TOT","USD_CAP","A","2004",22739.135447,
"SVN","GDP","TOT","USD_CAP","A","2005",23848.602419,
"SVN","GDP","TOT","USD_CAP","A","2006",25673.49132,
"SVN","GDP","TOT","USD_CAP","A","2007",27526.53765,
"SVN","GDP","TOT","USD_CAP","A","2008",29594.665839,"B"
"SVN","GDP","TOT","USD_CAP","A","2009",27531.134559,
"SVN","GDP","TOT","USD_CAP","A","2010",27844.90244,
"SVN","GDP","TOT","USD_CAP","A","2011",28931.423641,
"SVN","GDP","TOT","USD_CAP","A","2012",29048.325999,
"SVN","GDP","TOT","USD_CAP","A","2013",29979.618841,
"SVN","GDP","TOT","USD_CAP","A","2014",30872.72888,
"SVN","GDP","TOT","USD_CAP","A","2015",31631.838376,
"SVN","GDP","TOT","USD_CAP","A","2016",33942.76789,
"SVN","GDP","TOT","USD_CAP","A","2017",36515.702826,
"SVN","GDP","TOT","USD_CAP","A","2018",38952.0625,
"SVN","GDP","TOT","USD_CAP","A","2019",41181.425696,
"SVN","GDP","TOT","USD_CAP","A","2020",38727.415299,
"ZAF","GDP","TOT","USD_CAP","A","1991",6545.666776,
"ZAF","GDP","TOT","USD_CAP","A","1992",6411.898523,
"ZAF","GDP","TOT","USD_CAP","A","1993",6504.259602,
"ZAF","GDP","TOT","USD_CAP","A","1994",6712.740265,
"ZAF","GDP","TOT","USD_CAP","A","1995",6921.633389,
"ZAF","GDP","TOT","USD_CAP","A","1996",7205.886453,
"ZAF","GDP","TOT","USD_CAP","A","1997",7375.302769,
"ZAF","GDP","TOT","USD_CAP","A","1998",7356.509138,
"ZAF","GDP","TOT","USD_CAP","A","1999",7507.305111,
"ZAF","GDP","TOT","USD_CAP","A","2000",7865.304698,
"ZAF","GDP","TOT","USD_CAP","A","2001",8123.724947,
"ZAF","GDP","TOT","USD_CAP","A","2002",8352.399734,
"ZAF","GDP","TOT","USD_CAP","A","2003",8656.655166,
"ZAF","GDP","TOT","USD_CAP","A","2004",9183.875946,
"ZAF","GDP","TOT","USD_CAP","A","2005",9847.957943,
"ZAF","GDP","TOT","USD_CAP","A","2006",10580.512387,
"ZAF","GDP","TOT","USD_CAP","A","2007",11300.497099,
"ZAF","GDP","TOT","USD_CAP","A","2008",11732.029766,
"ZAF","GDP","TOT","USD_CAP","A","2009",11483.44306,
"ZAF","GDP","TOT","USD_CAP","A","2010",11806.055909,
"ZAF","GDP","TOT","USD_CAP","A","2011",12227.241685,
"ZAF","GDP","TOT","USD_CAP","A","2012",12174.458197,
"ZAF","GDP","TOT","USD_CAP","A","2013",12587.617396,
"ZAF","GDP","TOT","USD_CAP","A","2014",12667.868135,
"ZAF","GDP","TOT","USD_CAP","A","2015",12698.124385,
"ZAF","GDP","TOT","USD_CAP","A","2016",12724.643279,
"ZAF","GDP","TOT","USD_CAP","A","2017",12810.965544,
"DEW","GDP","TOT","USD_CAP","A","1991",23020.520005,
"OECD","GDP","TOT","USD_CAP","A","1991",17152.283097,"E"
"OECD","GDP","TOT","USD_CAP","A","1992",17785.715262,"E"
"OECD","GDP","TOT","USD_CAP","A","1993",18316.311214,"E"
"OECD","GDP","TOT","USD_CAP","A","1994",19129.587597,"E"
"OECD","GDP","TOT","USD_CAP","A","1995",19881.777528,"E"
"OECD","GDP","TOT","USD_CAP","A","1996",20759.049612,"E"
"OECD","GDP","TOT","USD_CAP","A","1997",21731.973798,"E"
"OECD","GDP","TOT","USD_CAP","A","1998",22328.642212,"E"
"OECD","GDP","TOT","USD_CAP","A","1999",23210.462108,"E"
"OECD","GDP","TOT","USD_CAP","A","2000",24642.380608,"E"
"OECD","GDP","TOT","USD_CAP","A","2001",25417.021901,"E"
"OECD","GDP","TOT","USD_CAP","A","2002",26216.973129,"E"
"OECD","GDP","TOT","USD_CAP","A","2003",26989.319344,"E"
"OECD","GDP","TOT","USD_CAP","A","2004",28429.115452,"E"
"OECD","GDP","TOT","USD_CAP","A","2005",29789.739208,
"OECD","GDP","TOT","USD_CAP","A","2006",31769.865064,
"OECD","GDP","TOT","USD_CAP","A","2007",33305.852937,
"OECD","GDP","TOT","USD_CAP","A","2008",34160.105412,"B"
"OECD","GDP","TOT","USD_CAP","A","2009",33249.404378,
"OECD","GDP","TOT","USD_CAP","A","2010",34536.850043,"B"
"OECD","GDP","TOT","USD_CAP","A","2011",35896.262919,
"OECD","GDP","TOT","USD_CAP","A","2012",36857.259674,
"OECD","GDP","TOT","USD_CAP","A","2013",38197.770997,
"OECD","GDP","TOT","USD_CAP","A","2014",39340.921843,
"OECD","GDP","TOT","USD_CAP","A","2015",40493.388015,
"OECD","GDP","TOT","USD_CAP","A","2016",41904.653926,
"OECD","GDP","TOT","USD_CAP","A","2017",43517.365743,
"OECD","GDP","TOT","USD_CAP","A","2018",45243.018901,"P"
"OECD","GDP","TOT","USD_CAP","A","2019",46468.487166,"E"
"OECD","GDP","TOT","USD_CAP","A","2020",44626.442432,"E"
"OECDE","GDP","TOT","USD_CAP","A","1995",18205.873298,"E"
"OECDE","GDP","TOT","USD_CAP","A","1996",18932.863181,"E"
"OECDE","GDP","TOT","USD_CAP","A","1997",19822.849315,"E"
"OECDE","GDP","TOT","USD_CAP","A","1998",20301.788554,
"OECDE","GDP","TOT","USD_CAP","A","1999",21002.635111,
"OECDE","GDP","TOT","USD_CAP","A","2000",22435.587309,
"OECDE","GDP","TOT","USD_CAP","A","2001",23376.684945,
"OECDE","GDP","TOT","USD_CAP","A","2002",24279.807229,
"OECDE","GDP","TOT","USD_CAP","A","2003",24802.607578,
"OECDE","GDP","TOT","USD_CAP","A","2004",26045.319774,
"OECDE","GDP","TOT","USD_CAP","A","2005",27023.338701,
"OECDE","GDP","TOT","USD_CAP","A","2006",29286.658723,
"OECDE","GDP","TOT","USD_CAP","A","2007",30994.974911,
"OECDE","GDP","TOT","USD_CAP","A","2008",32379.484799,"B"
"OECDE","GDP","TOT","USD_CAP","A","2009",31510.498427,
"OECDE","GDP","TOT","USD_CAP","A","2010",32740.467885,"B"
"OECDE","GDP","TOT","USD_CAP","A","2011",34275.131364,
"OECDE","GDP","TOT","USD_CAP","A","2012",34895.168677,
"OECDE","GDP","TOT","USD_CAP","A","2013",36239.889538,
"OECDE","GDP","TOT","USD_CAP","A","2014",37383.244752,
"OECDE","GDP","TOT","USD_CAP","A","2015",38568.571243,
"OECDE","GDP","TOT","USD_CAP","A","2016",40561.886245,
"OECDE","GDP","TOT","USD_CAP","A","2017",42481.403506,
"OECDE","GDP","TOT","USD_CAP","A","2018",44124.823739,"P"
"OECDE","GDP","TOT","USD_CAP","A","2019",45433.539081,"P"
"OECDE","GDP","TOT","USD_CAP","A","2020",43204.482475,"E"
"LVA","GDP","TOT","USD_CAP","A","1995",5501.044385,
"LVA","GDP","TOT","USD_CAP","A","1996",5788.702939,
"LVA","GDP","TOT","USD_CAP","A","1997",6478.937214,
"LVA","GDP","TOT","USD_CAP","A","1998",7060.89374,
"LVA","GDP","TOT","USD_CAP","A","1999",7397.56063,
"LVA","GDP","TOT","USD_CAP","A","2000",8033.096672,
"LVA","GDP","TOT","USD_CAP","A","2001",9034.533398,
"LVA","GDP","TOT","USD_CAP","A","2002",10067.801699,
"LVA","GDP","TOT","USD_CAP","A","2003",11027.777891,
"LVA","GDP","TOT","USD_CAP","A","2004",12240.335962,
"LVA","GDP","TOT","USD_CAP","A","2005",13877.977805,
"LVA","GDP","TOT","USD_CAP","A","2006",15797.285944,
"LVA","GDP","TOT","USD_CAP","A","2007",18179.666228,
"LVA","GDP","TOT","USD_CAP","A","2008",19516.020113,
"LVA","GDP","TOT","USD_CAP","A","2009",16973.369602,
"LVA","GDP","TOT","USD_CAP","A","2010",17658.75357,
"LVA","GDP","TOT","USD_CAP","A","2011",19887.749141,
"LVA","GDP","TOT","USD_CAP","A","2012",21414.570348,
"LVA","GDP","TOT","USD_CAP","A","2013",22811.030828,
"LVA","GDP","TOT","USD_CAP","A","2014",23798.233545,
"LVA","GDP","TOT","USD_CAP","A","2015",24964.048128,
"LVA","GDP","TOT","USD_CAP","A","2016",26712.835239,
"LVA","GDP","TOT","USD_CAP","A","2017",28666.003742,
"LVA","GDP","TOT","USD_CAP","A","2018",30814.222639,
"LVA","GDP","TOT","USD_CAP","A","2019",32013.343219,
"LVA","GDP","TOT","USD_CAP","A","2020",31367.284335,
"BRA","GDP","TOT","USD_CAP","A","2000",9114.213859,
"BRA","GDP","TOT","USD_CAP","A","2001",9312.659939,
"BRA","GDP","TOT","USD_CAP","A","2002",9623.717789,
"BRA","GDP","TOT","USD_CAP","A","2003",9793.070465,
"BRA","GDP","TOT","USD_CAP","A","2004",10510.544053,
"BRA","GDP","TOT","USD_CAP","A","2005",11056.437748,
"BRA","GDP","TOT","USD_CAP","A","2006",11711.263786,
"BRA","GDP","TOT","USD_CAP","A","2007",12622.435746,
"BRA","GDP","TOT","USD_CAP","A","2008",13383.860084,
"BRA","GDP","TOT","USD_CAP","A","2009",13331.386494,
"BRA","GDP","TOT","USD_CAP","A","2010",14359.933545,
"BRA","GDP","TOT","USD_CAP","A","2011",15109.737403,
"BRA","GDP","TOT","USD_CAP","A","2012",15120.063649,
"BRA","GDP","TOT","USD_CAP","A","2013",15669.140139,
"BRA","GDP","TOT","USD_CAP","A","2014",15800.088894,
"BRA","GDP","TOT","USD_CAP","A","2015",14816.290598,
"BRA","GDP","TOT","USD_CAP","A","2016",14326.10209,
"BRA","GDP","TOT","USD_CAP","A","2017",14596.889676,
"BRA","GDP","TOT","USD_CAP","A","2018",15272.36895,
"LTU","GDP","TOT","USD_CAP","A","1995",5916.118581,
"LTU","GDP","TOT","USD_CAP","A","1996",6369.880929,
"LTU","GDP","TOT","USD_CAP","A","1997",7066.972228,
"LTU","GDP","TOT","USD_CAP","A","1998",7762.291081,
"LTU","GDP","TOT","USD_CAP","A","1999",7820.79589,
"LTU","GDP","TOT","USD_CAP","A","2000",8449.658261,
"LTU","GDP","TOT","USD_CAP","A","2001",9440.144031,
"LTU","GDP","TOT","USD_CAP","A","2002",10480.719387,
"LTU","GDP","TOT","USD_CAP","A","2003",12055.236651,
"LTU","GDP","TOT","USD_CAP","A","2004",13019.577673,
"LTU","GDP","TOT","USD_CAP","A","2005",14510.653684,
"LTU","GDP","TOT","USD_CAP","A","2006",16461.788562,
"LTU","GDP","TOT","USD_CAP","A","2007",19071.447238,
"LTU","GDP","TOT","USD_CAP","A","2008",20721.033864,
"LTU","GDP","TOT","USD_CAP","A","2009",18130.047804,
"LTU","GDP","TOT","USD_CAP","A","2010",20112.103125,
"LTU","GDP","TOT","USD_CAP","A","2011",22884.804355,
"LTU","GDP","TOT","USD_CAP","A","2012",24703.697943,
"LTU","GDP","TOT","USD_CAP","A","2013",26721.601926,
"LTU","GDP","TOT","USD_CAP","A","2014",28184.499091,
"LTU","GDP","TOT","USD_CAP","A","2015",28834.457574,
"LTU","GDP","TOT","USD_CAP","A","2016",30925.151813,
"LTU","GDP","TOT","USD_CAP","A","2017",33761.906595,
"LTU","GDP","TOT","USD_CAP","A","2018",36346.416674,
"LTU","GDP","TOT","USD_CAP","A","2019",38765.028209,
"LTU","GDP","TOT","USD_CAP","A","2020",38885.020866,
"SAU","GDP","TOT","USD_CAP","A","1991",36717.303718,
"SAU","GDP","TOT","USD_CAP","A","1992",37903.27627,
"SAU","GDP","TOT","USD_CAP","A","1993",37241.590951,
"SAU","GDP","TOT","USD_CAP","A","1994",37306.572024,
"SAU","GDP","TOT","USD_CAP","A","1995",37304.286614,
"SAU","GDP","TOT","USD_CAP","A","1996",38182.734069,
"SAU","GDP","TOT","USD_CAP","A","1997",38516.918673,
"SAU","GDP","TOT","USD_CAP","A","1998",39317.724199,
"SAU","GDP","TOT","USD_CAP","A","1999",37605.244323,
"SAU","GDP","TOT","USD_CAP","A","2000",39689.649431,
"SAU","GDP","TOT","USD_CAP","A","2001",39054.820329,
"SAU","GDP","TOT","USD_CAP","A","2002",37493.382348,
"SAU","GDP","TOT","USD_CAP","A","2003",41258.540035,
"SAU","GDP","TOT","USD_CAP","A","2004",44417.057438,
"SAU","GDP","TOT","USD_CAP","A","2005",46984.604448,
"SAU","GDP","TOT","USD_CAP","A","2006",48394.517295,
"SAU","GDP","TOT","USD_CAP","A","2007",49261.050328,
"SAU","GDP","TOT","USD_CAP","A","2008",51942.26361,
"SAU","GDP","TOT","USD_CAP","A","2009",49874.781078,
"SAU","GDP","TOT","USD_CAP","A","2010",51351.20568,
"SAU","GDP","TOT","USD_CAP","A","2011",56127.024677,
"SAU","GDP","TOT","USD_CAP","A","2012",57693.997316,
"SAU","GDP","TOT","USD_CAP","A","2013",56563.34222,
"SAU","GDP","TOT","USD_CAP","A","2014",56613.475043,
"SAU","GDP","TOT","USD_CAP","A","2015",49491.35095,
"SAU","GDP","TOT","USD_CAP","A","2016",46289.737315,
"SAU","GDP","TOT","USD_CAP","A","2017",47862.022249,
"SAU","GDP","TOT","USD_CAP","A","2018",49173.934204,
"SAU","GDP","TOT","USD_CAP","A","2019",49112.515085,
"EA19","GDP","TOT","USD_CAP","A","1995",20433.568783,
"EA19","GDP","TOT","USD_CAP","A","1996",21065.591225,
"EA19","GDP","TOT","USD_CAP","A","1997",21953.704939,
"EA19","GDP","TOT","USD_CAP","A","1998",23012.77535,
"EA19","GDP","TOT","USD_CAP","A","1999",23903.313656,
"EA19","GDP","TOT","USD_CAP","A","2000",25396.009687,
"EA19","GDP","TOT","USD_CAP","A","2001",26592.370174,
"EA19","GDP","TOT","USD_CAP","A","2002",27620.917287,
"EA19","GDP","TOT","USD_CAP","A","2003",28042.814921,
"EA19","GDP","TOT","USD_CAP","A","2004",29152.624568,
"EA19","GDP","TOT","USD_CAP","A","2005",30172.922657,
"EA19","GDP","TOT","USD_CAP","A","2006",32598.726461,
"EA19","GDP","TOT","USD_CAP","A","2007",34485.804039,
"EA19","GDP","TOT","USD_CAP","A","2008",35819.422147,
"EA19","GDP","TOT","USD_CAP","A","2009",34922.115765,
"EA19","GDP","TOT","USD_CAP","A","2010",35915.167558,
"EA19","GDP","TOT","USD_CAP","A","2011",37379.594833,
"EA19","GDP","TOT","USD_CAP","A","2012",37735.292191,
"EA19","GDP","TOT","USD_CAP","A","2013",38969.473827,
"EA19","GDP","TOT","USD_CAP","A","2014",39985.273258,
"EA19","GDP","TOT","USD_CAP","A","2015",41070.906168,
"EA19","GDP","TOT","USD_CAP","A","2016",43562.937373,
"EA19","GDP","TOT","USD_CAP","A","2017",45623.32978,
"EA19","GDP","TOT","USD_CAP","A","2018",47548.117268,
"EA19","GDP","TOT","USD_CAP","A","2019",49215.967941,
"EA19","GDP","TOT","USD_CAP","A","2020",46392.995234,
"ARG","GDP","TOT","USD_CAP","A","2004",12299.728803,
"ARG","GDP","TOT","USD_CAP","A","2005",13674.572695,
"ARG","GDP","TOT","USD_CAP","A","2006",15074.069861,
"ARG","GDP","TOT","USD_CAP","A","2007",16708.232833,
"ARG","GDP","TOT","USD_CAP","A","2008",17550.391451,
"ARG","GDP","TOT","USD_CAP","A","2009",16476.698479,
"ARG","GDP","TOT","USD_CAP","A","2010",18061.934358,
"ARG","GDP","TOT","USD_CAP","A","2011",19322.22713,
"ARG","GDP","TOT","USD_CAP","A","2012",19641.352863,
"ARG","GDP","TOT","USD_CAP","A","2013",20131.680421,
"ARG","GDP","TOT","USD_CAP","A","2014",19683.771502,
"ARG","GDP","TOT","USD_CAP","A","2015",20105.198994,
"ARG","GDP","TOT","USD_CAP","A","2016",20307.870053,
"ARG","GDP","TOT","USD_CAP","A","2017",23597.117759,
"ARG","GDP","TOT","USD_CAP","A","2018",23313.817947,
"ARG","GDP","TOT","USD_CAP","A","2019",23040.287954,
"CRI","GDP","TOT","USD_CAP","A","1991",5557.82789,
"CRI","GDP","TOT","USD_CAP","A","1992",6073.686378,
"CRI","GDP","TOT","USD_CAP","A","1993",6518.413515,
"CRI","GDP","TOT","USD_CAP","A","1994",6760.64364,
"CRI","GDP","TOT","USD_CAP","A","1995",6986.959286,
"CRI","GDP","TOT","USD_CAP","A","1996",7021.197198,
"CRI","GDP","TOT","USD_CAP","A","1997",7346.205543,
"CRI","GDP","TOT","USD_CAP","A","1998",7757.412262,
"CRI","GDP","TOT","USD_CAP","A","1999",7980.035267,
"CRI","GDP","TOT","USD_CAP","A","2000",8290.944819,
"CRI","GDP","TOT","USD_CAP","A","2001",8581.04504,
"CRI","GDP","TOT","USD_CAP","A","2002",8850.95266,
"CRI","GDP","TOT","USD_CAP","A","2003",9263.621127,
"CRI","GDP","TOT","USD_CAP","A","2004",9768.125917,
"CRI","GDP","TOT","USD_CAP","A","2005",10299.326434,
"CRI","GDP","TOT","USD_CAP","A","2006",11205.664332,
"CRI","GDP","TOT","USD_CAP","A","2007",12278.747842,
"CRI","GDP","TOT","USD_CAP","A","2008",12926.352146,
"CRI","GDP","TOT","USD_CAP","A","2009",12701.994593,
"CRI","GDP","TOT","USD_CAP","A","2010",13318.135538,
"CRI","GDP","TOT","USD_CAP","A","2011",14068.154868,
"CRI","GDP","TOT","USD_CAP","A","2012",14852.929898,
"CRI","GDP","TOT","USD_CAP","A","2013",15542.368395,
"CRI","GDP","TOT","USD_CAP","A","2014",16615.974075,
"CRI","GDP","TOT","USD_CAP","A","2015",17649.314854,
"CRI","GDP","TOT","USD_CAP","A","2016",19119.336147,
"CRI","GDP","TOT","USD_CAP","A","2017",20368.230268,
"CRI","GDP","TOT","USD_CAP","A","2018",20988.161555,"E"
"CRI","GDP","TOT","USD_CAP","A","2019",21759.381303,"E"
"BGR","GDP","TOT","USD_CAP","A","1995",7724.21041,
"BGR","GDP","TOT","USD_CAP","A","1996",6831.981312,
"BGR","GDP","TOT","USD_CAP","A","1997",5748.433654,
"BGR","GDP","TOT","USD_CAP","A","1998",6177.416986,
"BGR","GDP","TOT","USD_CAP","A","1999",5807.80885,
"BGR","GDP","TOT","USD_CAP","A","2000",6424.7764,
"BGR","GDP","TOT","USD_CAP","A","2001",7046.333183,
"BGR","GDP","TOT","USD_CAP","A","2002",7755.008188,
"BGR","GDP","TOT","USD_CAP","A","2003",8356.502857,
"BGR","GDP","TOT","USD_CAP","A","2004",9117.826459,
"BGR","GDP","TOT","USD_CAP","A","2005",10183.815701,
"BGR","GDP","TOT","USD_CAP","A","2006",11247.805714,
"BGR","GDP","TOT","USD_CAP","A","2007",12604.728791,
"BGR","GDP","TOT","USD_CAP","A","2008",14089.642678,
"BGR","GDP","TOT","USD_CAP","A","2009",13928.367151,
"BGR","GDP","TOT","USD_CAP","A","2010",14605.319424,
"BGR","GDP","TOT","USD_CAP","A","2011",15667.294737,
"BGR","GDP","TOT","USD_CAP","A","2012",16247.413194,
"BGR","GDP","TOT","USD_CAP","A","2013",16588.975372,
"BGR","GDP","TOT","USD_CAP","A","2014",17561.417568,
"BGR","GDP","TOT","USD_CAP","A","2015",18343.141628,
"BGR","GDP","TOT","USD_CAP","A","2016",20019.638626,
"BGR","GDP","TOT","USD_CAP","A","2017",21387.279564,
"BGR","GDP","TOT","USD_CAP","A","2018",22911.128872,
"BGR","GDP","TOT","USD_CAP","A","2019",24579.331314,
"HRV","GDP","TOT","USD_CAP","A","1995",7995.711803,
"HRV","GDP","TOT","USD_CAP","A","1996",8724.593116,
"HRV","GDP","TOT","USD_CAP","A","1997",9467.218837,
"HRV","GDP","TOT","USD_CAP","A","1998",9821.563171,
"HRV","GDP","TOT","USD_CAP","A","1999",9867.597613,
"HRV","GDP","TOT","USD_CAP","A","2000",11007.689598,
"HRV","GDP","TOT","USD_CAP","A","2001",11535.38096,
"HRV","GDP","TOT","USD_CAP","A","2002",12637.216532,
"HRV","GDP","TOT","USD_CAP","A","2003",13542.97381,
"HRV","GDP","TOT","USD_CAP","A","2004",14520.742628,
"HRV","GDP","TOT","USD_CAP","A","2005",15295.124142,
"HRV","GDP","TOT","USD_CAP","A","2006",17413.442983,
"HRV","GDP","TOT","USD_CAP","A","2007",19307.4334,
"HRV","GDP","TOT","USD_CAP","A","2008",20763.138285,
"HRV","GDP","TOT","USD_CAP","A","2009",20004.344703,
"HRV","GDP","TOT","USD_CAP","A","2010",19810.265595,
"HRV","GDP","TOT","USD_CAP","A","2011",20793.207219,
"HRV","GDP","TOT","USD_CAP","A","2012",21161.27599,
"HRV","GDP","TOT","USD_CAP","A","2013",21826.808171,
"HRV","GDP","TOT","USD_CAP","A","2014",22072.90031,
"HRV","GDP","TOT","USD_CAP","A","2015",22981.128967,
"HRV","GDP","TOT","USD_CAP","A","2016",24887.753281,
"HRV","GDP","TOT","USD_CAP","A","2017",26765.579327,
"HRV","GDP","TOT","USD_CAP","A","2018",28533.220285,
"HRV","GDP","TOT","USD_CAP","A","2019",30231.57293,"P"
"CYP","GDP","TOT","USD_CAP","A","1995",17055.098745,
"CYP","GDP","TOT","USD_CAP","A","1996",17277.539873,
"CYP","GDP","TOT","USD_CAP","A","1997",17774.79288,
"CYP","GDP","TOT","USD_CAP","A","1998",18757.711017,
"CYP","GDP","TOT","USD_CAP","A","1999",19662.191718,
"CYP","GDP","TOT","USD_CAP","A","2000",21298.591733,
"CYP","GDP","TOT","USD_CAP","A","2001",22873.326759,
"CYP","GDP","TOT","USD_CAP","A","2002",23556.899012,
"CYP","GDP","TOT","USD_CAP","A","2003",24254.777068,
"CYP","GDP","TOT","USD_CAP","A","2004",25923.080309,
"CYP","GDP","TOT","USD_CAP","A","2005",27763.121261,
"CYP","GDP","TOT","USD_CAP","A","2006",29975.110725,
"CYP","GDP","TOT","USD_CAP","A","2007",32841.835601,
"CYP","GDP","TOT","USD_CAP","A","2008",34830.170302,
"CYP","GDP","TOT","USD_CAP","A","2009",33909.804342,
"CYP","GDP","TOT","USD_CAP","A","2010",33449.01196,
"CYP","GDP","TOT","USD_CAP","A","2011",33313.379158,
"CYP","GDP","TOT","USD_CAP","A","2012",31834.588088,
"CYP","GDP","TOT","USD_CAP","A","2013",30375.241354,
"CYP","GDP","TOT","USD_CAP","A","2014",30080.39344,
"CYP","GDP","TOT","USD_CAP","A","2015",31815.270718,
"CYP","GDP","TOT","USD_CAP","A","2016",35719.036739,
"CYP","GDP","TOT","USD_CAP","A","2017",38050.911642,
"CYP","GDP","TOT","USD_CAP","A","2018",40476.556692,
"CYP","GDP","TOT","USD_CAP","A","2019",41514.759302,"P"
"MLT","GDP","TOT","USD_CAP","A","1995",13943.599967,
"MLT","GDP","TOT","USD_CAP","A","1996",14621.664083,
"MLT","GDP","TOT","USD_CAP","A","1997",15486.082732,
"MLT","GDP","TOT","USD_CAP","A","1998",16220.506421,
"MLT","GDP","TOT","USD_CAP","A","1999",16941.807487,
"MLT","GDP","TOT","USD_CAP","A","2000",18369.432276,
"MLT","GDP","TOT","USD_CAP","A","2001",18515.532727,
"MLT","GDP","TOT","USD_CAP","A","2002",19601.629814,
"MLT","GDP","TOT","USD_CAP","A","2003",20908.714486,
"MLT","GDP","TOT","USD_CAP","A","2004",21533.201544,
"MLT","GDP","TOT","USD_CAP","A","2005",22308.650773,
"MLT","GDP","TOT","USD_CAP","A","2006",23292.963028,
"MLT","GDP","TOT","USD_CAP","A","2007",25027.980225,
"MLT","GDP","TOT","USD_CAP","A","2008",26523.730131,
"MLT","GDP","TOT","USD_CAP","A","2009",26670.83555,
"MLT","GDP","TOT","USD_CAP","A","2010",28747.240738,
"MLT","GDP","TOT","USD_CAP","A","2011",28972.885652,
"MLT","GDP","TOT","USD_CAP","A","2012",30241.405423,
"MLT","GDP","TOT","USD_CAP","A","2013",32287.913935,
"MLT","GDP","TOT","USD_CAP","A","2014",34318.634806,
"MLT","GDP","TOT","USD_CAP","A","2015",37430.609208,
"MLT","GDP","TOT","USD_CAP","A","2016",39859.419748,
"MLT","GDP","TOT","USD_CAP","A","2017",42598.933746,
"MLT","GDP","TOT","USD_CAP","A","2018",44427.223626,
"MLT","GDP","TOT","USD_CAP","A","2019",46704.582863,
"PER","GDP","TOT","USD_CAP","A","2007",7984.661964,
"PER","GDP","TOT","USD_CAP","A","2008",8782.617152,
"PER","GDP","TOT","USD_CAP","A","2009",8846.744897,
"PER","GDP","TOT","USD_CAP","A","2010",9586.999943,
"PER","GDP","TOT","USD_CAP","A","2011",10289.261223,
"PER","GDP","TOT","USD_CAP","A","2012",10545.510648,
"PER","GDP","TOT","USD_CAP","A","2013",11039.698214,"P"
"PER","GDP","TOT","USD_CAP","A","2014",11254.065501,"P"
"ROU","GDP","TOT","USD_CAP","A","1995",5416.727537,
"ROU","GDP","TOT","USD_CAP","A","1996",5734.261824,
"ROU","GDP","TOT","USD_CAP","A","1997",5564.149722,
"ROU","GDP","TOT","USD_CAP","A","1998",5545.213836,
"ROU","GDP","TOT","USD_CAP","A","1999",5599.963762,
"ROU","GDP","TOT","USD_CAP","A","2000",5852.670844,
"ROU","GDP","TOT","USD_CAP","A","2001",6441.072192,
"ROU","GDP","TOT","USD_CAP","A","2002",7180.419966,
"ROU","GDP","TOT","USD_CAP","A","2003",7552.149645,
"ROU","GDP","TOT","USD_CAP","A","2004",8982.767074,"B"
"ROU","GDP","TOT","USD_CAP","A","2005",9602.121442,
"ROU","GDP","TOT","USD_CAP","A","2006",11541.177403,
"ROU","GDP","TOT","USD_CAP","A","2007",13683.475271,
"ROU","GDP","TOT","USD_CAP","A","2008",16782.182633,
"ROU","GDP","TOT","USD_CAP","A","2009",16644.099913,
"ROU","GDP","TOT","USD_CAP","A","2010",16989.279852,
"ROU","GDP","TOT","USD_CAP","A","2011",17896.080991,
"ROU","GDP","TOT","USD_CAP","A","2012",18867.513229,
"ROU","GDP","TOT","USD_CAP","A","2013",19777.022952,
"ROU","GDP","TOT","USD_CAP","A","2014",20649.982263,
"ROU","GDP","TOT","USD_CAP","A","2015",21598.558302,
"ROU","GDP","TOT","USD_CAP","A","2016",24266.283962,
"ROU","GDP","TOT","USD_CAP","A","2017",27136.07319,
"ROU","GDP","TOT","USD_CAP","A","2018",29244.574126,
"ROU","GDP","TOT","USD_CAP","A","2019",32293.146149,"P"
"MKD","GDP","TOT","USD_CAP","A","2000",6154.513794,"E"
"MKD","GDP","TOT","USD_CAP","A","2001",6052.56115,"E"
"MKD","GDP","TOT","USD_CAP","A","2002",6395.178631,"E"
"MKD","GDP","TOT","USD_CAP","A","2003",6588.662047,"E"
"MKD","GDP","TOT","USD_CAP","A","2004",7166.036894,"E"
"MKD","GDP","TOT","USD_CAP","A","2005",7848.897341,"E"
"MKD","GDP","TOT","USD_CAP","A","2006",8678.569401,"E"
"MKD","GDP","TOT","USD_CAP","A","2007",9339.59213,"E"
"MKD","GDP","TOT","USD_CAP","A","2008",10521.88172,"E"
"MKD","GDP","TOT","USD_CAP","A","2009",11018.081685,"E"
"MKD","GDP","TOT","USD_CAP","A","2010",11369.68999,"E"
"MKD","GDP","TOT","USD_CAP","A","2011",11689.860896,"E"
"MKD","GDP","TOT","USD_CAP","A","2012",11915.702401,"E"
"MKD","GDP","TOT","USD_CAP","A","2013",12727.350485,"E"
"MKD","GDP","TOT","USD_CAP","A","2014",13434.846939,"E"
"MKD","GDP","TOT","USD_CAP","A","2015",13888.218744,"E"
"MKD","GDP","TOT","USD_CAP","A","2016",15137.967397,"E"
"MKD","GDP","TOT","USD_CAP","A","2017",15706.430869,"E"
"MKD","GDP","TOT","USD_CAP","A","2018",16725.791726,"E"
"ZMB","GDP","TOT","USD_CAP","A","2006",2366.722411,
"ZMB","GDP","TOT","USD_CAP","A","2007",2564.000152,
"ZMB","GDP","TOT","USD_CAP","A","2008",2741.213127,
"ZMB","GDP","TOT","USD_CAP","A","2009",2933.232987,
"ZMB","GDP","TOT","USD_CAP","A","2010",3178.947393,
"ZMB","GDP","TOT","USD_CAP","A","2011",3324.081982,
"ZMB","GDP","TOT","USD_CAP","A","2012",3429.503474,
"ZMB","GDP","TOT","USD_CAP","A","2013",3583.693952,
"ZMB","GDP","TOT","USD_CAP","A","2014",3539.471693,
"ZMB","GDP","TOT","USD_CAP","A","2015",3431.059027,
"ZMB","GDP","TOT","USD_CAP","A","2016",3405.832772,
"ZMB","GDP","TOT","USD_CAP","A","2017",3484.940724,
"ZMB","GDP","TOT","USD_CAP","A","2018",3637.368088,
"HKG","GDP","TOT","USD_CAP","A","1991",19800.233872,"E"
"HKG","GDP","TOT","USD_CAP","A","1992",21332.396451,"E"
"HKG","GDP","TOT","USD_CAP","A","1993",22798.977044,"E"
"HKG","GDP","TOT","USD_CAP","A","1994",24143.131212,"E"
"HKG","GDP","TOT","USD_CAP","A","1995",24738.496206,"E"
"HKG","GDP","TOT","USD_CAP","A","1996",25121.620286,"E"
"HKG","GDP","TOT","USD_CAP","A","1997",26638.659237,"E"
"HKG","GDP","TOT","USD_CAP","A","1998",25140.670531,"E"
"HKG","GDP","TOT","USD_CAP","A","1999",25897.570159,"E"
"HKG","GDP","TOT","USD_CAP","A","2000",28253.203696,"E"
"HKG","GDP","TOT","USD_CAP","A","2001",28822.922896,"E"
"HKG","GDP","TOT","USD_CAP","A","2002",29631.47775,"E"
"HKG","GDP","TOT","USD_CAP","A","2003",31164.291862,"E"
"HKG","GDP","TOT","USD_CAP","A","2004",34515.854862,"E"
"HKG","GDP","TOT","USD_CAP","A","2005",38057.86525,"E"
"HKG","GDP","TOT","USD_CAP","A","2006",41697.718813,"E"
"HKG","GDP","TOT","USD_CAP","A","2007",45197.00174,"E"
"HKG","GDP","TOT","USD_CAP","A","2008",46772.557397,"E"
"HKG","GDP","TOT","USD_CAP","A","2009",45871.298403,"E"
"HKG","GDP","TOT","USD_CAP","A","2010",49186.621974,"E"
"HKG","GDP","TOT","USD_CAP","A","2011",52274.50957,"E"
"HKG","GDP","TOT","USD_CAP","A","2012",52235.720172,"E"
"HKG","GDP","TOT","USD_CAP","A","2013",53691.971048,"E"
"HKG","GDP","TOT","USD_CAP","A","2014",54778.382506,"E"
"HKG","GDP","TOT","USD_CAP","A","2015",56409.642787,"E"
"HKG","GDP","TOT","USD_CAP","A","2016",57221.969152,"E"
"HKG","GDP","TOT","USD_CAP","A","2017",59846.819225,"E"
"HKG","GDP","TOT","USD_CAP","A","2018",62556.2405,"E"
"MDG","GDP","TOT","USD_CAP","A","2007",1571.562292,"E"
"MDG","GDP","TOT","USD_CAP","A","2008",1666.984633,"E"
"MDG","GDP","TOT","USD_CAP","A","2009",1566.810322,"E"
"MDG","GDP","TOT","USD_CAP","A","2010",1551.109609,"E"
"MDG","GDP","TOT","USD_CAP","A","2011",1565.877486,"E"
"MDG","GDP","TOT","USD_CAP","A","2012",1552.77558,"E"
"MDG","GDP","TOT","USD_CAP","A","2013",1556.147235,"E"
"MDG","GDP","TOT","USD_CAP","A","2014",1573.788648,"E"
"MDG","GDP","TOT","USD_CAP","A","2015",1562.305391,"E"
"MDG","GDP","TOT","USD_CAP","A","2016",1624.383829,"E"
"MDG","GDP","TOT","USD_CAP","A","2017",1601.521574,"E"
"MDG","GDP","TOT","USD_CAP","A","2018",1655.481656,"E"
"MAR","GDP","TOT","USD_CAP","A","2007",5657.274524,"E"
"MAR","GDP","TOT","USD_CAP","A","2008",6042.899269,"E"
"MAR","GDP","TOT","USD_CAP","A","2009",6279.693123,"E"
"MAR","GDP","TOT","USD_CAP","A","2010",6525.49337,"E"
"MAR","GDP","TOT","USD_CAP","A","2011",6938.287763,"E"
"MAR","GDP","TOT","USD_CAP","A","2012",6923.247392,"E"
"MAR","GDP","TOT","USD_CAP","A","2013",7143.701966,"E"
"MAR","GDP","TOT","USD_CAP","A","2014",6900.513126,"E"
"MAR","GDP","TOT","USD_CAP","A","2015",7249.966832,"E"
"MAR","GDP","TOT","USD_CAP","A","2016",7312.810289,"E"
"MAR","GDP","TOT","USD_CAP","A","2017",7581.215412,"E"
"MAR","GDP","TOT","USD_CAP","A","2018",7928.326114,"E"
"SGP","GDP","TOT","USD_CAP","A","1991",25570.900782,
"SGP","GDP","TOT","USD_CAP","A","1992",27061.47486,
"SGP","GDP","TOT","USD_CAP","A","1993",30113.891059,
"SGP","GDP","TOT","USD_CAP","A","1994",33110.834035,
"SGP","GDP","TOT","USD_CAP","A","1995",35159.633523,
"SGP","GDP","TOT","USD_CAP","A","1996",36937.588649,
"SGP","GDP","TOT","USD_CAP","A","1997",39360.422933,
"SGP","GDP","TOT","USD_CAP","A","1998",37630.971504,
"SGP","GDP","TOT","USD_CAP","A","1999",40033.167266,
"SGP","GDP","TOT","USD_CAP","A","2000",43863.193428,
"SGP","GDP","TOT","USD_CAP","A","2001",43167.223162,
"SGP","GDP","TOT","USD_CAP","A","2002",45151.97367,
"SGP","GDP","TOT","USD_CAP","A","2003",48789.206118,
"SGP","GDP","TOT","USD_CAP","A","2004",54335.937914,
"SGP","GDP","TOT","USD_CAP","A","2005",58755.70266,
"SGP","GDP","TOT","USD_CAP","A","2006",63960.872088,
"SGP","GDP","TOT","USD_CAP","A","2007",68671.212114,
"SGP","GDP","TOT","USD_CAP","A","2008",67630.457453,
"SGP","GDP","TOT","USD_CAP","A","2009",66190.396875,
"SGP","GDP","TOT","USD_CAP","A","2010",75343.949298,
"SGP","GDP","TOT","USD_CAP","A","2011",80047.57357,
"SGP","GDP","TOT","USD_CAP","A","2012",82072.279162,
"SGP","GDP","TOT","USD_CAP","A","2013",83005.689686,
"SGP","GDP","TOT","USD_CAP","A","2014",84408.216516,
"SGP","GDP","TOT","USD_CAP","A","2015",86972.563073,
"SGP","GDP","TOT","USD_CAP","A","2016",89396.724443,
"SGP","GDP","TOT","USD_CAP","A","2017",94945.250892,
"SGP","GDP","TOT","USD_CAP","A","2018",101280.413499,
"EU27_2020","GDP","TOT","USD_CAP","A","1995",20731.240872,
"EU27_2020","GDP","TOT","USD_CAP","A","1996",21679.347174,
"EU27_2020","GDP","TOT","USD_CAP","A","1997",22246.188525,
"EU27_2020","GDP","TOT","USD_CAP","A","1998",23171.325363,
"EU27_2020","GDP","TOT","USD_CAP","A","1999",24182.702259,
"EU27_2020","GDP","TOT","USD_CAP","A","2000",25566.821833,
"EU27_2020","GDP","TOT","USD_CAP","A","2001",26729.026099,
"EU27_2020","GDP","TOT","USD_CAP","A","2002",27640.492282,
"EU27_2020","GDP","TOT","USD_CAP","A","2003",28276.106592,
"EU27_2020","GDP","TOT","USD_CAP","A","2004",29459.604463,
"EU27_2020","GDP","TOT","USD_CAP","A","2005",30606.78386,
"EU27_2020","GDP","TOT","USD_CAP","A","2006",32270.599395,
"EU27_2020","GDP","TOT","USD_CAP","A","2007",34149.271487,
"EU27_2020","GDP","TOT","USD_CAP","A","2008",35130.03453,
"EU27_2020","GDP","TOT","USD_CAP","A","2009",33447.142318,
"EU27_2020","GDP","TOT","USD_CAP","A","2010",34628.527976,
"EU27_2020","GDP","TOT","USD_CAP","A","2011",35664.752998,
"EU27_2020","GDP","TOT","USD_CAP","A","2012",35811.671357,
"EU27_2020","GDP","TOT","USD_CAP","A","2013",36163.24293,
"EU27_2020","GDP","TOT","USD_CAP","A","2014",36935.272153,
"EU27_2020","GDP","TOT","USD_CAP","A","2015",38200.647926,
"EU27_2020","GDP","TOT","USD_CAP","A","2016",39172.901704,
"EU27_2020","GDP","TOT","USD_CAP","A","2017",40728.833216,
"EU27_2020","GDP","TOT","USD_CAP","A","2018",42055.349198,
"EU27_2020","GDP","TOT","USD_CAP","A","2019",43355.51382,
"EU27_2020","GDP","TOT","USD_CAP","A","2020",41264.592773,
