"LOCATION","INDICATOR","SUBJECT","MEASURE","FREQUENCY","TIME","Value","Flag Codes"
"AUS","EXCH","TOT","NATUSD","A","1990",1.281057,
"AUS","EXCH","TOT","NATUSD","A","1991",1.283756,
"AUS","EXCH","TOT","NATUSD","A","1992",1.361648,
"AUS","EXCH","TOT","NATUSD","A","1993",1.47056,
"AUS","EXCH","TOT","NATUSD","A","1994",1.367751,
"AUS","EXCH","TOT","NATUSD","A","1995",1.349033,
"AUS","EXCH","TOT","NATUSD","A","1996",1.277863,
"AUS","EXCH","TOT","NATUSD","A","1997",1.34738,
"AUS","EXCH","TOT","NATUSD","A","1998",1.591828,
"AUS","EXCH","TOT","NATUSD","A","1999",1.54995,
"AUS","EXCH","TOT","NATUSD","A","2000",1.724827,
"AUS","EXCH","TOT","NATUSD","A","2001",1.933443,
"AUS","EXCH","TOT","NATUSD","A","2002",1.840563,
"AUS","EXCH","TOT","NATUSD","A","2003",1.541914,
"AUS","EXCH","TOT","NATUSD","A","2004",1.359752,
"AUS","EXCH","TOT","NATUSD","A","2005",1.309473,
"AUS","EXCH","TOT","NATUSD","A","2006",1.327973,
"AUS","EXCH","TOT","NATUSD","A","2007",1.195073,
"AUS","EXCH","TOT","NATUSD","A","2008",1.192178,
"AUS","EXCH","TOT","NATUSD","A","2009",1.282189,
"AUS","EXCH","TOT","NATUSD","A","2010",1.090159,
"AUS","EXCH","TOT","NATUSD","A","2011",0.969463,
"AUS","EXCH","TOT","NATUSD","A","2012",0.965801,
"AUS","EXCH","TOT","NATUSD","A","2013",1.035843,
"AUS","EXCH","TOT","NATUSD","A","2014",1.109363,
"AUS","EXCH","TOT","NATUSD","A","2015",1.33109,
"AUS","EXCH","TOT","NATUSD","A","2016",1.345214,
"AUS","EXCH","TOT","NATUSD","A","2017",1.304758,
"AUS","EXCH","TOT","NATUSD","A","2018",1.338412,
"AUS","EXCH","TOT","NATUSD","A","2019",1.438507,
"AUS","EXCH","TOT","NATUSD","A","2020",1.453085,
"AUT","EXCH","TOT","NATUSD","A","1990",0.826278,
"AUT","EXCH","TOT","NATUSD","A","1991",0.848522,
"AUT","EXCH","TOT","NATUSD","A","1992",0.798626,
"AUT","EXCH","TOT","NATUSD","A","1993",0.845344,
"AUT","EXCH","TOT","NATUSD","A","1994",0.830056,
"AUT","EXCH","TOT","NATUSD","A","1995",0.732651,
"AUT","EXCH","TOT","NATUSD","A","1996",0.769355,
"AUT","EXCH","TOT","NATUSD","A","1997",0.886917,
"AUT","EXCH","TOT","NATUSD","A","1998",0.899622,
"AUT","EXCH","TOT","NATUSD","A","1999",0.938283,
"AUT","EXCH","TOT","NATUSD","A","2000",1.082705,
"AUT","EXCH","TOT","NATUSD","A","2001",1.116533,
"AUT","EXCH","TOT","NATUSD","A","2002",1.057559,
"AUT","EXCH","TOT","NATUSD","A","2003",0.884048,
"AUT","EXCH","TOT","NATUSD","A","2004",0.803922,
"AUT","EXCH","TOT","NATUSD","A","2005",0.8038,
"AUT","EXCH","TOT","NATUSD","A","2006",0.796433,
"AUT","EXCH","TOT","NATUSD","A","2007",0.729672,
"AUT","EXCH","TOT","NATUSD","A","2008",0.679923,
"AUT","EXCH","TOT","NATUSD","A","2009",0.716958,
"AUT","EXCH","TOT","NATUSD","A","2010",0.754309,
"AUT","EXCH","TOT","NATUSD","A","2011",0.718414,
"AUT","EXCH","TOT","NATUSD","A","2012",0.778338,
"AUT","EXCH","TOT","NATUSD","A","2013",0.752945,
"AUT","EXCH","TOT","NATUSD","A","2014",0.752728,
"AUT","EXCH","TOT","NATUSD","A","2015",0.901296,
"AUT","EXCH","TOT","NATUSD","A","2016",0.903421,
"AUT","EXCH","TOT","NATUSD","A","2017",0.885206,
"AUT","EXCH","TOT","NATUSD","A","2018",0.846773,
"AUT","EXCH","TOT","NATUSD","A","2019",0.893276,
"AUT","EXCH","TOT","NATUSD","A","2020",0.875506,
"BEL","EXCH","TOT","NATUSD","A","1990",0.828409,
"BEL","EXCH","TOT","NATUSD","A","1991",0.846513,
"BEL","EXCH","TOT","NATUSD","A","1992",0.796965,
"BEL","EXCH","TOT","NATUSD","A","1993",0.857625,
"BEL","EXCH","TOT","NATUSD","A","1994",0.829365,
"BEL","EXCH","TOT","NATUSD","A","1995",0.730791,
"BEL","EXCH","TOT","NATUSD","A","1996",0.767516,
"BEL","EXCH","TOT","NATUSD","A","1997",0.886812,
"BEL","EXCH","TOT","NATUSD","A","1998",0.89982,
"BEL","EXCH","TOT","NATUSD","A","1999",0.938283,
"BEL","EXCH","TOT","NATUSD","A","2000",1.082705,
"BEL","EXCH","TOT","NATUSD","A","2001",1.116533,
"BEL","EXCH","TOT","NATUSD","A","2002",1.057559,
"BEL","EXCH","TOT","NATUSD","A","2003",0.884048,
"BEL","EXCH","TOT","NATUSD","A","2004",0.803922,
"BEL","EXCH","TOT","NATUSD","A","2005",0.8038,
"BEL","EXCH","TOT","NATUSD","A","2006",0.796433,
"BEL","EXCH","TOT","NATUSD","A","2007",0.729672,
"BEL","EXCH","TOT","NATUSD","A","2008",0.679923,
"BEL","EXCH","TOT","NATUSD","A","2009",0.716958,
"BEL","EXCH","TOT","NATUSD","A","2010",0.754309,
"BEL","EXCH","TOT","NATUSD","A","2011",0.718414,
"BEL","EXCH","TOT","NATUSD","A","2012",0.778338,
"BEL","EXCH","TOT","NATUSD","A","2013",0.752945,
"BEL","EXCH","TOT","NATUSD","A","2014",0.752728,
"BEL","EXCH","TOT","NATUSD","A","2015",0.901296,
"BEL","EXCH","TOT","NATUSD","A","2016",0.903421,
"BEL","EXCH","TOT","NATUSD","A","2017",0.885206,
"BEL","EXCH","TOT","NATUSD","A","2018",0.846773,
"BEL","EXCH","TOT","NATUSD","A","2019",0.893276,
"BEL","EXCH","TOT","NATUSD","A","2020",0.875506,
"CAN","EXCH","TOT","NATUSD","A","1990",1.166774,
"CAN","EXCH","TOT","NATUSD","A","1991",1.145726,
"CAN","EXCH","TOT","NATUSD","A","1992",1.208723,
"CAN","EXCH","TOT","NATUSD","A","1993",1.290088,
"CAN","EXCH","TOT","NATUSD","A","1994",1.365673,
"CAN","EXCH","TOT","NATUSD","A","1995",1.372445,
"CAN","EXCH","TOT","NATUSD","A","1996",1.363522,
"CAN","EXCH","TOT","NATUSD","A","1997",1.384598,
"CAN","EXCH","TOT","NATUSD","A","1998",1.483505,
"CAN","EXCH","TOT","NATUSD","A","1999",1.485705,
"CAN","EXCH","TOT","NATUSD","A","2000",1.485394,
"CAN","EXCH","TOT","NATUSD","A","2001",1.54884,
"CAN","EXCH","TOT","NATUSD","A","2002",1.570343,
"CAN","EXCH","TOT","NATUSD","A","2003",1.401015,
"CAN","EXCH","TOT","NATUSD","A","2004",1.301282,
"CAN","EXCH","TOT","NATUSD","A","2005",1.211405,
"CAN","EXCH","TOT","NATUSD","A","2006",1.134345,
"CAN","EXCH","TOT","NATUSD","A","2007",1.074046,
"CAN","EXCH","TOT","NATUSD","A","2008",1.067087,
"CAN","EXCH","TOT","NATUSD","A","2009",1.141535,
"CAN","EXCH","TOT","NATUSD","A","2010",1.030113,
"CAN","EXCH","TOT","NATUSD","A","2011",0.989258,
"CAN","EXCH","TOT","NATUSD","A","2012",0.999365,
"CAN","EXCH","TOT","NATUSD","A","2013",1.030137,
"CAN","EXCH","TOT","NATUSD","A","2014",1.104747,
"CAN","EXCH","TOT","NATUSD","A","2015",1.278786,
"CAN","EXCH","TOT","NATUSD","A","2016",1.325615,
"CAN","EXCH","TOT","NATUSD","A","2017",1.297936,
"CAN","EXCH","TOT","NATUSD","A","2018",1.295818,
"CAN","EXCH","TOT","NATUSD","A","2019",1.326793,
"CAN","EXCH","TOT","NATUSD","A","2020",1.341153,
"CZE","EXCH","TOT","NATUSD","A","1990",21.145,
"CZE","EXCH","TOT","NATUSD","A","1991",27.92,
"CZE","EXCH","TOT","NATUSD","A","1992",28.37,
"CZE","EXCH","TOT","NATUSD","A","1993",29.152833,
"CZE","EXCH","TOT","NATUSD","A","1994",28.785083,
"CZE","EXCH","TOT","NATUSD","A","1995",26.540667,
"CZE","EXCH","TOT","NATUSD","A","1996",27.144917,
"CZE","EXCH","TOT","NATUSD","A","1997",31.698417,
"CZE","EXCH","TOT","NATUSD","A","1998",32.281167,
"CZE","EXCH","TOT","NATUSD","A","1999",34.56925,
"CZE","EXCH","TOT","NATUSD","A","2000",38.598417,
"CZE","EXCH","TOT","NATUSD","A","2001",38.035328,
"CZE","EXCH","TOT","NATUSD","A","2002",32.738518,
"CZE","EXCH","TOT","NATUSD","A","2003",28.209,
"CZE","EXCH","TOT","NATUSD","A","2004",25.69975,
"CZE","EXCH","TOT","NATUSD","A","2005",23.957417,
"CZE","EXCH","TOT","NATUSD","A","2006",22.595583,
"CZE","EXCH","TOT","NATUSD","A","2007",20.293667,
"CZE","EXCH","TOT","NATUSD","A","2008",17.071667,
"CZE","EXCH","TOT","NATUSD","A","2009",19.063,
"CZE","EXCH","TOT","NATUSD","A","2010",19.09825,
"CZE","EXCH","TOT","NATUSD","A","2011",17.695917,
"CZE","EXCH","TOT","NATUSD","A","2012",19.5775,
"CZE","EXCH","TOT","NATUSD","A","2013",19.570583,
"CZE","EXCH","TOT","NATUSD","A","2014",20.7575,
"CZE","EXCH","TOT","NATUSD","A","2015",24.59875,
"CZE","EXCH","TOT","NATUSD","A","2016",24.439917,
"CZE","EXCH","TOT","NATUSD","A","2017",23.376333,
"CZE","EXCH","TOT","NATUSD","A","2018",21.729917,
"CZE","EXCH","TOT","NATUSD","A","2019",22.93225,
"CZE","EXCH","TOT","NATUSD","A","2020",23.21025,
"DNK","EXCH","TOT","NATUSD","A","1990",6.188558,
"DNK","EXCH","TOT","NATUSD","A","1991",6.396458,
"DNK","EXCH","TOT","NATUSD","A","1992",6.036133,
"DNK","EXCH","TOT","NATUSD","A","1993",6.483939,
"DNK","EXCH","TOT","NATUSD","A","1994",6.360552,
"DNK","EXCH","TOT","NATUSD","A","1995",5.602367,
"DNK","EXCH","TOT","NATUSD","A","1996",5.798672,
"DNK","EXCH","TOT","NATUSD","A","1997",6.604459,
"DNK","EXCH","TOT","NATUSD","A","1998",6.700827,
"DNK","EXCH","TOT","NATUSD","A","1999",6.97624,
"DNK","EXCH","TOT","NATUSD","A","2000",8.083144,
"DNK","EXCH","TOT","NATUSD","A","2001",8.322817,
"DNK","EXCH","TOT","NATUSD","A","2002",7.894714,
"DNK","EXCH","TOT","NATUSD","A","2003",6.587673,
"DNK","EXCH","TOT","NATUSD","A","2004",5.991057,
"DNK","EXCH","TOT","NATUSD","A","2005",5.99691,
"DNK","EXCH","TOT","NATUSD","A","2006",5.946778,
"DNK","EXCH","TOT","NATUSD","A","2007",5.443701,
"DNK","EXCH","TOT","NATUSD","A","2008",5.098131,
"DNK","EXCH","TOT","NATUSD","A","2009",5.360867,
"DNK","EXCH","TOT","NATUSD","A","2010",5.624075,
"DNK","EXCH","TOT","NATUSD","A","2011",5.368712,
"DNK","EXCH","TOT","NATUSD","A","2012",5.792476,
"DNK","EXCH","TOT","NATUSD","A","2013",5.616312,
"DNK","EXCH","TOT","NATUSD","A","2014",5.612467,
"DNK","EXCH","TOT","NATUSD","A","2015",6.727907,
"DNK","EXCH","TOT","NATUSD","A","2016",6.731718,
"DNK","EXCH","TOT","NATUSD","A","2017",6.602893,
"DNK","EXCH","TOT","NATUSD","A","2018",6.314619,
"DNK","EXCH","TOT","NATUSD","A","2019",6.669447,
"DNK","EXCH","TOT","NATUSD","A","2020",6.542152,
"FIN","EXCH","TOT","NATUSD","A","1990",0.643067,
"FIN","EXCH","TOT","NATUSD","A","1991",0.680148,
"FIN","EXCH","TOT","NATUSD","A","1992",0.753388,
"FIN","EXCH","TOT","NATUSD","A","1993",0.960738,
"FIN","EXCH","TOT","NATUSD","A","1994",0.878532,
"FIN","EXCH","TOT","NATUSD","A","1995",0.734421,
"FIN","EXCH","TOT","NATUSD","A","1996",0.77258,
"FIN","EXCH","TOT","NATUSD","A","1997",0.873137,
"FIN","EXCH","TOT","NATUSD","A","1998",0.898807,
"FIN","EXCH","TOT","NATUSD","A","1999",0.938283,
"FIN","EXCH","TOT","NATUSD","A","2000",1.082705,
"FIN","EXCH","TOT","NATUSD","A","2001",1.116533,
"FIN","EXCH","TOT","NATUSD","A","2002",1.057559,
"FIN","EXCH","TOT","NATUSD","A","2003",0.884048,
"FIN","EXCH","TOT","NATUSD","A","2004",0.803922,
"FIN","EXCH","TOT","NATUSD","A","2005",0.8038,
"FIN","EXCH","TOT","NATUSD","A","2006",0.796433,
"FIN","EXCH","TOT","NATUSD","A","2007",0.729672,
"FIN","EXCH","TOT","NATUSD","A","2008",0.679923,
"FIN","EXCH","TOT","NATUSD","A","2009",0.716958,
"FIN","EXCH","TOT","NATUSD","A","2010",0.754309,
"FIN","EXCH","TOT","NATUSD","A","2011",0.718414,
"FIN","EXCH","TOT","NATUSD","A","2012",0.778338,
"FIN","EXCH","TOT","NATUSD","A","2013",0.752945,
"FIN","EXCH","TOT","NATUSD","A","2014",0.752728,
"FIN","EXCH","TOT","NATUSD","A","2015",0.901296,
"FIN","EXCH","TOT","NATUSD","A","2016",0.903421,
"FIN","EXCH","TOT","NATUSD","A","2017",0.885206,
"FIN","EXCH","TOT","NATUSD","A","2018",0.846773,
"FIN","EXCH","TOT","NATUSD","A","2019",0.893276,
"FIN","EXCH","TOT","NATUSD","A","2020",0.875506,
"FRA","EXCH","TOT","NATUSD","A","1990",0.830127,
"FRA","EXCH","TOT","NATUSD","A","1991",0.860135,
"FRA","EXCH","TOT","NATUSD","A","1992",0.807037,
"FRA","EXCH","TOT","NATUSD","A","1993",0.863354,
"FRA","EXCH","TOT","NATUSD","A","1994",0.846404,
"FRA","EXCH","TOT","NATUSD","A","1995",0.760947,
"FRA","EXCH","TOT","NATUSD","A","1996",0.779856,
"FRA","EXCH","TOT","NATUSD","A","1997",0.889798,
"FRA","EXCH","TOT","NATUSD","A","1998",0.899375,
"FRA","EXCH","TOT","NATUSD","A","1999",0.938283,
"FRA","EXCH","TOT","NATUSD","A","2000",1.082705,
"FRA","EXCH","TOT","NATUSD","A","2001",1.116533,
"FRA","EXCH","TOT","NATUSD","A","2002",1.057559,
"FRA","EXCH","TOT","NATUSD","A","2003",0.884048,
"FRA","EXCH","TOT","NATUSD","A","2004",0.803922,
"FRA","EXCH","TOT","NATUSD","A","2005",0.8038,
"FRA","EXCH","TOT","NATUSD","A","2006",0.796433,
"FRA","EXCH","TOT","NATUSD","A","2007",0.729672,
"FRA","EXCH","TOT","NATUSD","A","2008",0.679923,
"FRA","EXCH","TOT","NATUSD","A","2009",0.716958,
"FRA","EXCH","TOT","NATUSD","A","2010",0.754309,
"FRA","EXCH","TOT","NATUSD","A","2011",0.718414,
"FRA","EXCH","TOT","NATUSD","A","2012",0.778338,
"FRA","EXCH","TOT","NATUSD","A","2013",0.752945,
"FRA","EXCH","TOT","NATUSD","A","2014",0.752728,
"FRA","EXCH","TOT","NATUSD","A","2015",0.901296,
"FRA","EXCH","TOT","NATUSD","A","2016",0.903421,
"FRA","EXCH","TOT","NATUSD","A","2017",0.885206,
"FRA","EXCH","TOT","NATUSD","A","2018",0.846773,
"FRA","EXCH","TOT","NATUSD","A","2019",0.893276,
"FRA","EXCH","TOT","NATUSD","A","2020",0.875506,
"DEU","EXCH","TOT","NATUSD","A","1990",0.826111,
"DEU","EXCH","TOT","NATUSD","A","1991",0.84851,
"DEU","EXCH","TOT","NATUSD","A","1992",0.798459,
"DEU","EXCH","TOT","NATUSD","A","1993",0.84533,
"DEU","EXCH","TOT","NATUSD","A","1994",0.829721,
"DEU","EXCH","TOT","NATUSD","A","1995",0.732749,
"DEU","EXCH","TOT","NATUSD","A","1996",0.769379,
"DEU","EXCH","TOT","NATUSD","A","1997",0.886609,
"DEU","EXCH","TOT","NATUSD","A","1998",0.899704,
"DEU","EXCH","TOT","NATUSD","A","1999",0.938283,
"DEU","EXCH","TOT","NATUSD","A","2000",1.082705,
"DEU","EXCH","TOT","NATUSD","A","2001",1.116533,
"DEU","EXCH","TOT","NATUSD","A","2002",1.057559,
"DEU","EXCH","TOT","NATUSD","A","2003",0.884048,
"DEU","EXCH","TOT","NATUSD","A","2004",0.803922,
"DEU","EXCH","TOT","NATUSD","A","2005",0.8038,
"DEU","EXCH","TOT","NATUSD","A","2006",0.796433,
"DEU","EXCH","TOT","NATUSD","A","2007",0.729672,
"DEU","EXCH","TOT","NATUSD","A","2008",0.679923,
"DEU","EXCH","TOT","NATUSD","A","2009",0.716958,
"DEU","EXCH","TOT","NATUSD","A","2010",0.754309,
"DEU","EXCH","TOT","NATUSD","A","2011",0.718414,
"DEU","EXCH","TOT","NATUSD","A","2012",0.778338,
"DEU","EXCH","TOT","NATUSD","A","2013",0.752945,
"DEU","EXCH","TOT","NATUSD","A","2014",0.752728,
"DEU","EXCH","TOT","NATUSD","A","2015",0.901296,
"DEU","EXCH","TOT","NATUSD","A","2016",0.903421,
"DEU","EXCH","TOT","NATUSD","A","2017",0.885206,
"DEU","EXCH","TOT","NATUSD","A","2018",0.846773,
"DEU","EXCH","TOT","NATUSD","A","2019",0.893276,
"DEU","EXCH","TOT","NATUSD","A","2020",0.875506,
"GRC","EXCH","TOT","NATUSD","A","1990",0.465191,
"GRC","EXCH","TOT","NATUSD","A","1991",0.534898,
"GRC","EXCH","TOT","NATUSD","A","1992",0.559426,
"GRC","EXCH","TOT","NATUSD","A","1993",0.67278,
"GRC","EXCH","TOT","NATUSD","A","1994",0.711967,
"GRC","EXCH","TOT","NATUSD","A","1995",0.679861,
"GRC","EXCH","TOT","NATUSD","A","1996",0.706417,
"GRC","EXCH","TOT","NATUSD","A","1997",0.801344,
"GRC","EXCH","TOT","NATUSD","A","1998",0.86729,
"GRC","EXCH","TOT","NATUSD","A","1999",0.896982,
"GRC","EXCH","TOT","NATUSD","A","2000",1.072336,
"GRC","EXCH","TOT","NATUSD","A","2001",1.116533,
"GRC","EXCH","TOT","NATUSD","A","2002",1.057559,
"GRC","EXCH","TOT","NATUSD","A","2003",0.884048,
"GRC","EXCH","TOT","NATUSD","A","2004",0.803922,
"GRC","EXCH","TOT","NATUSD","A","2005",0.8038,
"GRC","EXCH","TOT","NATUSD","A","2006",0.796433,
"GRC","EXCH","TOT","NATUSD","A","2007",0.729672,
"GRC","EXCH","TOT","NATUSD","A","2008",0.679923,
"GRC","EXCH","TOT","NATUSD","A","2009",0.716958,
"GRC","EXCH","TOT","NATUSD","A","2010",0.754309,
"GRC","EXCH","TOT","NATUSD","A","2011",0.718414,
"GRC","EXCH","TOT","NATUSD","A","2012",0.778338,
"GRC","EXCH","TOT","NATUSD","A","2013",0.752945,
"GRC","EXCH","TOT","NATUSD","A","2014",0.752728,
"GRC","EXCH","TOT","NATUSD","A","2015",0.901296,
"GRC","EXCH","TOT","NATUSD","A","2016",0.903421,
"GRC","EXCH","TOT","NATUSD","A","2017",0.885206,
"GRC","EXCH","TOT","NATUSD","A","2018",0.846773,
"GRC","EXCH","TOT","NATUSD","A","2019",0.893276,
"GRC","EXCH","TOT","NATUSD","A","2020",0.875506,
"HUN","EXCH","TOT","NATUSD","A","1990",63.205867,
"HUN","EXCH","TOT","NATUSD","A","1991",74.735383,
"HUN","EXCH","TOT","NATUSD","A","1992",78.988392,
"HUN","EXCH","TOT","NATUSD","A","1993",91.933183,
"HUN","EXCH","TOT","NATUSD","A","1994",105.160458,
"HUN","EXCH","TOT","NATUSD","A","1995",125.681425,
"HUN","EXCH","TOT","NATUSD","A","1996",152.646667,
"HUN","EXCH","TOT","NATUSD","A","1997",186.789167,
"HUN","EXCH","TOT","NATUSD","A","1998",214.401667,
"HUN","EXCH","TOT","NATUSD","A","1999",237.145833,
"HUN","EXCH","TOT","NATUSD","A","2000",282.179167,
"HUN","EXCH","TOT","NATUSD","A","2001",286.49,
"HUN","EXCH","TOT","NATUSD","A","2002",257.886667,
"HUN","EXCH","TOT","NATUSD","A","2003",224.306667,
"HUN","EXCH","TOT","NATUSD","A","2004",202.745833,
"HUN","EXCH","TOT","NATUSD","A","2005",199.5825,
"HUN","EXCH","TOT","NATUSD","A","2006",210.39,
"HUN","EXCH","TOT","NATUSD","A","2007",183.625833,
"HUN","EXCH","TOT","NATUSD","A","2008",172.113333,
"HUN","EXCH","TOT","NATUSD","A","2009",202.341667,
"HUN","EXCH","TOT","NATUSD","A","2010",207.944167,
"HUN","EXCH","TOT","NATUSD","A","2011",201.055,
"HUN","EXCH","TOT","NATUSD","A","2012",225.104167,
"HUN","EXCH","TOT","NATUSD","A","2013",223.695,
"HUN","EXCH","TOT","NATUSD","A","2014",232.601667,
"HUN","EXCH","TOT","NATUSD","A","2015",279.3325,
"HUN","EXCH","TOT","NATUSD","A","2016",281.523333,
"HUN","EXCH","TOT","NATUSD","A","2017",274.433333,
"HUN","EXCH","TOT","NATUSD","A","2018",270.211667,
"HUN","EXCH","TOT","NATUSD","A","2019",290.66,
"HUN","EXCH","TOT","NATUSD","A","2020",307.996667,
"ISL","EXCH","TOT","NATUSD","A","1990",58.283775,
"ISL","EXCH","TOT","NATUSD","A","1991",58.996342,
"ISL","EXCH","TOT","NATUSD","A","1992",57.545933,
"ISL","EXCH","TOT","NATUSD","A","1993",67.603182,
"ISL","EXCH","TOT","NATUSD","A","1994",69.944378,
"ISL","EXCH","TOT","NATUSD","A","1995",64.691667,
"ISL","EXCH","TOT","NATUSD","A","1996",66.5,
"ISL","EXCH","TOT","NATUSD","A","1997",70.904291,
"ISL","EXCH","TOT","NATUSD","A","1998",70.958333,
"ISL","EXCH","TOT","NATUSD","A","1999",72.335293,
"ISL","EXCH","TOT","NATUSD","A","2000",78.615947,
"ISL","EXCH","TOT","NATUSD","A","2001",97.424603,
"ISL","EXCH","TOT","NATUSD","A","2002",91.661667,
"ISL","EXCH","TOT","NATUSD","A","2003",76.708983,
"ISL","EXCH","TOT","NATUSD","A","2004",70.191667,
"ISL","EXCH","TOT","NATUSD","A","2005",62.981667,
"ISL","EXCH","TOT","NATUSD","A","2006",70.18,
"ISL","EXCH","TOT","NATUSD","A","2007",64.055,
"ISL","EXCH","TOT","NATUSD","A","2008",87.947917,
"ISL","EXCH","TOT","NATUSD","A","2009",123.638381,
"ISL","EXCH","TOT","NATUSD","A","2010",122.241811,
"ISL","EXCH","TOT","NATUSD","A","2011",115.95404,
"ISL","EXCH","TOT","NATUSD","A","2012",125.082787,
"ISL","EXCH","TOT","NATUSD","A","2013",122.179121,
"ISL","EXCH","TOT","NATUSD","A","2014",116.767353,
"ISL","EXCH","TOT","NATUSD","A","2015",131.918708,
"ISL","EXCH","TOT","NATUSD","A","2016",120.811548,
"ISL","EXCH","TOT","NATUSD","A","2017",106.839572,
"ISL","EXCH","TOT","NATUSD","A","2018",108.300176,
"ISL","EXCH","TOT","NATUSD","A","2019",122.606774,
"ISL","EXCH","TOT","NATUSD","A","2020",135.421712,
"IRL","EXCH","TOT","NATUSD","A","1990",0.767669,
"IRL","EXCH","TOT","NATUSD","A","1991",0.788885,
"IRL","EXCH","TOT","NATUSD","A","1992",0.746252,
"IRL","EXCH","TOT","NATUSD","A","1993",0.859929,
"IRL","EXCH","TOT","NATUSD","A","1994",0.848983,
"IRL","EXCH","TOT","NATUSD","A","1995",0.791978,
"IRL","EXCH","TOT","NATUSD","A","1996",0.793622,
"IRL","EXCH","TOT","NATUSD","A","1997",0.837574,
"IRL","EXCH","TOT","NATUSD","A","1998",0.8917,
"IRL","EXCH","TOT","NATUSD","A","1999",0.938283,
"IRL","EXCH","TOT","NATUSD","A","2000",1.082705,
"IRL","EXCH","TOT","NATUSD","A","2001",1.116533,
"IRL","EXCH","TOT","NATUSD","A","2002",1.057559,
"IRL","EXCH","TOT","NATUSD","A","2003",0.884048,
"IRL","EXCH","TOT","NATUSD","A","2004",0.803922,
"IRL","EXCH","TOT","NATUSD","A","2005",0.8038,
"IRL","EXCH","TOT","NATUSD","A","2006",0.796433,
"IRL","EXCH","TOT","NATUSD","A","2007",0.729672,
"IRL","EXCH","TOT","NATUSD","A","2008",0.679923,
"IRL","EXCH","TOT","NATUSD","A","2009",0.716958,
"IRL","EXCH","TOT","NATUSD","A","2010",0.754309,
"IRL","EXCH","TOT","NATUSD","A","2011",0.718414,
"IRL","EXCH","TOT","NATUSD","A","2012",0.778338,
"IRL","EXCH","TOT","NATUSD","A","2013",0.752945,
"IRL","EXCH","TOT","NATUSD","A","2014",0.752728,
"IRL","EXCH","TOT","NATUSD","A","2015",0.901296,
"IRL","EXCH","TOT","NATUSD","A","2016",0.903421,
"IRL","EXCH","TOT","NATUSD","A","2017",0.885206,
"IRL","EXCH","TOT","NATUSD","A","2018",0.846773,
"IRL","EXCH","TOT","NATUSD","A","2019",0.893276,
"IRL","EXCH","TOT","NATUSD","A","2020",0.875506,
"ITA","EXCH","TOT","NATUSD","A","1990",0.618768,
"ITA","EXCH","TOT","NATUSD","A","1991",0.640723,
"ITA","EXCH","TOT","NATUSD","A","1992",0.636484,
"ITA","EXCH","TOT","NATUSD","A","1993",0.812731,
"ITA","EXCH","TOT","NATUSD","A","1994",0.832758,
"ITA","EXCH","TOT","NATUSD","A","1995",0.841274,
"ITA","EXCH","TOT","NATUSD","A","1996",0.796866,
"ITA","EXCH","TOT","NATUSD","A","1997",0.879576,
"ITA","EXCH","TOT","NATUSD","A","1998",0.896676,
"ITA","EXCH","TOT","NATUSD","A","1999",0.938283,
"ITA","EXCH","TOT","NATUSD","A","2000",1.082705,
"ITA","EXCH","TOT","NATUSD","A","2001",1.116533,
"ITA","EXCH","TOT","NATUSD","A","2002",1.057559,
"ITA","EXCH","TOT","NATUSD","A","2003",0.884048,
"ITA","EXCH","TOT","NATUSD","A","2004",0.803922,
"ITA","EXCH","TOT","NATUSD","A","2005",0.8038,
"ITA","EXCH","TOT","NATUSD","A","2006",0.796433,
"ITA","EXCH","TOT","NATUSD","A","2007",0.729672,
"ITA","EXCH","TOT","NATUSD","A","2008",0.679923,
"ITA","EXCH","TOT","NATUSD","A","2009",0.716958,
"ITA","EXCH","TOT","NATUSD","A","2010",0.754309,
"ITA","EXCH","TOT","NATUSD","A","2011",0.718414,
"ITA","EXCH","TOT","NATUSD","A","2012",0.778338,
"ITA","EXCH","TOT","NATUSD","A","2013",0.752945,
"ITA","EXCH","TOT","NATUSD","A","2014",0.752728,
"ITA","EXCH","TOT","NATUSD","A","2015",0.901296,
"ITA","EXCH","TOT","NATUSD","A","2016",0.903421,
"ITA","EXCH","TOT","NATUSD","A","2017",0.885206,
"ITA","EXCH","TOT","NATUSD","A","2018",0.846773,
"ITA","EXCH","TOT","NATUSD","A","2019",0.893276,
"ITA","EXCH","TOT","NATUSD","A","2020",0.875506,
"JPN","EXCH","TOT","NATUSD","A","1990",144.7925,
"JPN","EXCH","TOT","NATUSD","A","1991",134.706667,
"JPN","EXCH","TOT","NATUSD","A","1992",126.651333,
"JPN","EXCH","TOT","NATUSD","A","1993",111.197786,
"JPN","EXCH","TOT","NATUSD","A","1994",102.207806,
"JPN","EXCH","TOT","NATUSD","A","1995",94.059579,
"JPN","EXCH","TOT","NATUSD","A","1996",108.779057,
"JPN","EXCH","TOT","NATUSD","A","1997",120.990863,
"JPN","EXCH","TOT","NATUSD","A","1998",130.905301,
"JPN","EXCH","TOT","NATUSD","A","1999",113.906805,
"JPN","EXCH","TOT","NATUSD","A","2000",107.765498,
"JPN","EXCH","TOT","NATUSD","A","2001",121.528948,
"JPN","EXCH","TOT","NATUSD","A","2002",125.388019,
"JPN","EXCH","TOT","NATUSD","A","2003",115.933464,
"JPN","EXCH","TOT","NATUSD","A","2004",108.192569,
"JPN","EXCH","TOT","NATUSD","A","2005",110.218212,
"JPN","EXCH","TOT","NATUSD","A","2006",116.299312,
"JPN","EXCH","TOT","NATUSD","A","2007",117.753529,
"JPN","EXCH","TOT","NATUSD","A","2008",103.359494,
"JPN","EXCH","TOT","NATUSD","A","2009",93.570089,
"JPN","EXCH","TOT","NATUSD","A","2010",87.779875,
"JPN","EXCH","TOT","NATUSD","A","2011",79.80702,
"JPN","EXCH","TOT","NATUSD","A","2012",79.790455,
"JPN","EXCH","TOT","NATUSD","A","2013",97.595658,
"JPN","EXCH","TOT","NATUSD","A","2014",105.944781,
"JPN","EXCH","TOT","NATUSD","A","2015",121.044026,
"JPN","EXCH","TOT","NATUSD","A","2016",108.7929,
"JPN","EXCH","TOT","NATUSD","A","2017",112.166141,
"JPN","EXCH","TOT","NATUSD","A","2018",110.423179,
"JPN","EXCH","TOT","NATUSD","A","2019",109.009666,
"JPN","EXCH","TOT","NATUSD","A","2020",106.774582,
"KOR","EXCH","TOT","NATUSD","A","1990",707.765833,
"KOR","EXCH","TOT","NATUSD","A","1991",733.329167,
"KOR","EXCH","TOT","NATUSD","A","1992",780.670833,
"KOR","EXCH","TOT","NATUSD","A","1993",802.538333,
"KOR","EXCH","TOT","NATUSD","A","1994",803.771667,
"KOR","EXCH","TOT","NATUSD","A","1995",771.254167,
"KOR","EXCH","TOT","NATUSD","A","1996",804.4575,
"KOR","EXCH","TOT","NATUSD","A","1997",949.89,
"KOR","EXCH","TOT","NATUSD","A","1998",1403.183333,
"KOR","EXCH","TOT","NATUSD","A","1999",1189.439167,
"KOR","EXCH","TOT","NATUSD","A","2000",1130.3625,
"KOR","EXCH","TOT","NATUSD","A","2001",1290.79,
"KOR","EXCH","TOT","NATUSD","A","2002",1251.6025,
"KOR","EXCH","TOT","NATUSD","A","2003",1191.645833,
"KOR","EXCH","TOT","NATUSD","A","2004",1146.249167,
"KOR","EXCH","TOT","NATUSD","A","2005",1024.328333,
"KOR","EXCH","TOT","NATUSD","A","2006",955.340833,
"KOR","EXCH","TOT","NATUSD","A","2007",929.375833,
"KOR","EXCH","TOT","NATUSD","A","2008",1100.125833,
"KOR","EXCH","TOT","NATUSD","A","2009",1277.245833,
"KOR","EXCH","TOT","NATUSD","A","2010",1156.46,
"KOR","EXCH","TOT","NATUSD","A","2011",1108.233333,
"KOR","EXCH","TOT","NATUSD","A","2012",1126.806667,
"KOR","EXCH","TOT","NATUSD","A","2013",1094.9825,
"KOR","EXCH","TOT","NATUSD","A","2014",1052.84,
"KOR","EXCH","TOT","NATUSD","A","2015",1130.9525,
"KOR","EXCH","TOT","NATUSD","A","2016",1160.7675,
"KOR","EXCH","TOT","NATUSD","A","2017",1131.000833,
"KOR","EXCH","TOT","NATUSD","A","2018",1100.163333,
"KOR","EXCH","TOT","NATUSD","A","2019",1165.3575,
"KOR","EXCH","TOT","NATUSD","A","2020",1180.276058,
"LUX","EXCH","TOT","NATUSD","A","1990",0.828409,
"LUX","EXCH","TOT","NATUSD","A","1991",0.846513,
"LUX","EXCH","TOT","NATUSD","A","1992",0.796965,
"LUX","EXCH","TOT","NATUSD","A","1993",0.857625,
"LUX","EXCH","TOT","NATUSD","A","1994",0.829365,
"LUX","EXCH","TOT","NATUSD","A","1995",0.730791,
"LUX","EXCH","TOT","NATUSD","A","1996",0.767516,
"LUX","EXCH","TOT","NATUSD","A","1997",0.886812,
"LUX","EXCH","TOT","NATUSD","A","1998",0.89982,
"LUX","EXCH","TOT","NATUSD","A","1999",0.938283,
"LUX","EXCH","TOT","NATUSD","A","2000",1.082705,
"LUX","EXCH","TOT","NATUSD","A","2001",1.116533,
"LUX","EXCH","TOT","NATUSD","A","2002",1.057559,
"LUX","EXCH","TOT","NATUSD","A","2003",0.884048,
"LUX","EXCH","TOT","NATUSD","A","2004",0.803922,
"LUX","EXCH","TOT","NATUSD","A","2005",0.8038,
"LUX","EXCH","TOT","NATUSD","A","2006",0.796433,
"LUX","EXCH","TOT","NATUSD","A","2007",0.729672,
"LUX","EXCH","TOT","NATUSD","A","2008",0.679923,
"LUX","EXCH","TOT","NATUSD","A","2009",0.716958,
"LUX","EXCH","TOT","NATUSD","A","2010",0.754309,
"LUX","EXCH","TOT","NATUSD","A","2011",0.718414,
"LUX","EXCH","TOT","NATUSD","A","2012",0.778338,
"LUX","EXCH","TOT","NATUSD","A","2013",0.752945,
"LUX","EXCH","TOT","NATUSD","A","2014",0.752728,
"LUX","EXCH","TOT","NATUSD","A","2015",0.901296,
"LUX","EXCH","TOT","NATUSD","A","2016",0.903421,
"LUX","EXCH","TOT","NATUSD","A","2017",0.885206,
"LUX","EXCH","TOT","NATUSD","A","2018",0.846773,
"LUX","EXCH","TOT","NATUSD","A","2019",0.893276,
"LUX","EXCH","TOT","NATUSD","A","2020",0.875506,
"MEX","EXCH","TOT","NATUSD","A","1990",2.812599,
"MEX","EXCH","TOT","NATUSD","A","1991",3.01843,
"MEX","EXCH","TOT","NATUSD","A","1992",3.094898,
"MEX","EXCH","TOT","NATUSD","A","1993",3.115617,
"MEX","EXCH","TOT","NATUSD","A","1994",3.375117,
"MEX","EXCH","TOT","NATUSD","A","1995",6.419425,
"MEX","EXCH","TOT","NATUSD","A","1996",7.599448,
"MEX","EXCH","TOT","NATUSD","A","1997",7.91846,
"MEX","EXCH","TOT","NATUSD","A","1998",9.136042,
"MEX","EXCH","TOT","NATUSD","A","1999",9.560398,
"MEX","EXCH","TOT","NATUSD","A","2000",9.455558,
"MEX","EXCH","TOT","NATUSD","A","2001",9.342342,
"MEX","EXCH","TOT","NATUSD","A","2002",9.655958,
"MEX","EXCH","TOT","NATUSD","A","2003",10.789019,
"MEX","EXCH","TOT","NATUSD","A","2004",11.285967,
"MEX","EXCH","TOT","NATUSD","A","2005",10.897892,
"MEX","EXCH","TOT","NATUSD","A","2006",10.899242,
"MEX","EXCH","TOT","NATUSD","A","2007",10.928192,
"MEX","EXCH","TOT","NATUSD","A","2008",11.129717,
"MEX","EXCH","TOT","NATUSD","A","2009",13.513475,
"MEX","EXCH","TOT","NATUSD","A","2010",12.636008,
"MEX","EXCH","TOT","NATUSD","A","2011",12.423325,
"MEX","EXCH","TOT","NATUSD","A","2012",13.169458,
"MEX","EXCH","TOT","NATUSD","A","2013",12.771992,
"MEX","EXCH","TOT","NATUSD","A","2014",13.29245,
"MEX","EXCH","TOT","NATUSD","A","2015",15.848267,
"MEX","EXCH","TOT","NATUSD","A","2016",18.664058,
"MEX","EXCH","TOT","NATUSD","A","2017",18.926517,
"MEX","EXCH","TOT","NATUSD","A","2018",19.244342,
"MEX","EXCH","TOT","NATUSD","A","2019",19.263633,
"MEX","EXCH","TOT","NATUSD","A","2020",21.485608,
"NLD","EXCH","TOT","NATUSD","A","1990",0.826307,
"NLD","EXCH","TOT","NATUSD","A","1991",0.848418,
"NLD","EXCH","TOT","NATUSD","A","1992",0.797957,
"NLD","EXCH","TOT","NATUSD","A","1993",0.842808,
"NLD","EXCH","TOT","NATUSD","A","1994",0.825878,
"NLD","EXCH","TOT","NATUSD","A","1995",0.728624,
"NLD","EXCH","TOT","NATUSD","A","1996",0.765027,
"NLD","EXCH","TOT","NATUSD","A","1997",0.885448,
"NLD","EXCH","TOT","NATUSD","A","1998",0.900179,
"NLD","EXCH","TOT","NATUSD","A","1999",0.938283,
"NLD","EXCH","TOT","NATUSD","A","2000",1.082705,
"NLD","EXCH","TOT","NATUSD","A","2001",1.116533,
"NLD","EXCH","TOT","NATUSD","A","2002",1.057559,
"NLD","EXCH","TOT","NATUSD","A","2003",0.884048,
"NLD","EXCH","TOT","NATUSD","A","2004",0.803922,
"NLD","EXCH","TOT","NATUSD","A","2005",0.8038,
"NLD","EXCH","TOT","NATUSD","A","2006",0.796433,
"NLD","EXCH","TOT","NATUSD","A","2007",0.729672,
"NLD","EXCH","TOT","NATUSD","A","2008",0.679923,
"NLD","EXCH","TOT","NATUSD","A","2009",0.716958,
"NLD","EXCH","TOT","NATUSD","A","2010",0.754309,
"NLD","EXCH","TOT","NATUSD","A","2011",0.718414,
"NLD","EXCH","TOT","NATUSD","A","2012",0.778338,
"NLD","EXCH","TOT","NATUSD","A","2013",0.752945,
"NLD","EXCH","TOT","NATUSD","A","2014",0.752728,
"NLD","EXCH","TOT","NATUSD","A","2015",0.901296,
"NLD","EXCH","TOT","NATUSD","A","2016",0.903421,
"NLD","EXCH","TOT","NATUSD","A","2017",0.885206,
"NLD","EXCH","TOT","NATUSD","A","2018",0.846773,
"NLD","EXCH","TOT","NATUSD","A","2019",0.893276,
"NLD","EXCH","TOT","NATUSD","A","2020",0.875506,
"NZL","EXCH","TOT","NATUSD","A","1990",1.676203,
"NZL","EXCH","TOT","NATUSD","A","1991",1.733514,
"NZL","EXCH","TOT","NATUSD","A","1992",1.861792,
"NZL","EXCH","TOT","NATUSD","A","1993",1.850513,
"NZL","EXCH","TOT","NATUSD","A","1994",1.686522,
"NZL","EXCH","TOT","NATUSD","A","1995",1.523877,
"NZL","EXCH","TOT","NATUSD","A","1996",1.454848,
"NZL","EXCH","TOT","NATUSD","A","1997",1.512421,
"NZL","EXCH","TOT","NATUSD","A","1998",1.868249,
"NZL","EXCH","TOT","NATUSD","A","1999",1.889614,
"NZL","EXCH","TOT","NATUSD","A","2000",2.201149,
"NZL","EXCH","TOT","NATUSD","A","2001",2.378751,
"NZL","EXCH","TOT","NATUSD","A","2002",2.162191,
"NZL","EXCH","TOT","NATUSD","A","2003",1.722099,
"NZL","EXCH","TOT","NATUSD","A","2004",1.508681,
"NZL","EXCH","TOT","NATUSD","A","2005",1.420273,
"NZL","EXCH","TOT","NATUSD","A","2006",1.542056,
"NZL","EXCH","TOT","NATUSD","A","2007",1.360675,
"NZL","EXCH","TOT","NATUSD","A","2008",1.422727,
"NZL","EXCH","TOT","NATUSD","A","2009",1.600877,
"NZL","EXCH","TOT","NATUSD","A","2010",1.387834,
"NZL","EXCH","TOT","NATUSD","A","2011",1.265811,
"NZL","EXCH","TOT","NATUSD","A","2012",1.234284,
"NZL","EXCH","TOT","NATUSD","A","2013",1.219408,
"NZL","EXCH","TOT","NATUSD","A","2014",1.205433,
"NZL","EXCH","TOT","NATUSD","A","2015",1.433975,
"NZL","EXCH","TOT","NATUSD","A","2016",1.436525,
"NZL","EXCH","TOT","NATUSD","A","2017",1.407408,
"NZL","EXCH","TOT","NATUSD","A","2018",1.445258,
"NZL","EXCH","TOT","NATUSD","A","2019",1.517875,
"NZL","EXCH","TOT","NATUSD","A","2020",1.542058,
"NOR","EXCH","TOT","NATUSD","A","1990",6.259742,
"NOR","EXCH","TOT","NATUSD","A","1991",6.482943,
"NOR","EXCH","TOT","NATUSD","A","1992",6.214501,
"NOR","EXCH","TOT","NATUSD","A","1993",7.094129,
"NOR","EXCH","TOT","NATUSD","A","1994",7.057584,
"NOR","EXCH","TOT","NATUSD","A","1995",6.335157,
"NOR","EXCH","TOT","NATUSD","A","1996",6.449808,
"NOR","EXCH","TOT","NATUSD","A","1997",7.073401,
"NOR","EXCH","TOT","NATUSD","A","1998",7.545097,
"NOR","EXCH","TOT","NATUSD","A","1999",7.799172,
"NOR","EXCH","TOT","NATUSD","A","2000",8.801842,
"NOR","EXCH","TOT","NATUSD","A","2001",8.991654,
"NOR","EXCH","TOT","NATUSD","A","2002",7.983779,
"NOR","EXCH","TOT","NATUSD","A","2003",7.080217,
"NOR","EXCH","TOT","NATUSD","A","2004",6.740833,
"NOR","EXCH","TOT","NATUSD","A","2005",6.4425,
"NOR","EXCH","TOT","NATUSD","A","2006",6.413333,
"NOR","EXCH","TOT","NATUSD","A","2007",5.861667,
"NOR","EXCH","TOT","NATUSD","A","2008",5.64,
"NOR","EXCH","TOT","NATUSD","A","2009",6.288333,
"NOR","EXCH","TOT","NATUSD","A","2010",6.044167,
"NOR","EXCH","TOT","NATUSD","A","2011",5.604607,
"NOR","EXCH","TOT","NATUSD","A","2012",5.8175,
"NOR","EXCH","TOT","NATUSD","A","2013",5.875,
"NOR","EXCH","TOT","NATUSD","A","2014",6.301667,
"NOR","EXCH","TOT","NATUSD","A","2015",8.064167,
"NOR","EXCH","TOT","NATUSD","A","2016",8.4,
"NOR","EXCH","TOT","NATUSD","A","2017",8.271667,
"NOR","EXCH","TOT","NATUSD","A","2018",8.1325,
"NOR","EXCH","TOT","NATUSD","A","2019",8.8,
"NOR","EXCH","TOT","NATUSD","A","2020",9.419493,
"POL","EXCH","TOT","NATUSD","A","1990",0.95,
"POL","EXCH","TOT","NATUSD","A","1991",1.057606,
"POL","EXCH","TOT","NATUSD","A","1992",1.362643,
"POL","EXCH","TOT","NATUSD","A","1993",1.811497,
"POL","EXCH","TOT","NATUSD","A","1994",2.272277,
"POL","EXCH","TOT","NATUSD","A","1995",2.424983,
"POL","EXCH","TOT","NATUSD","A","1996",2.6961,
"POL","EXCH","TOT","NATUSD","A","1997",3.279292,
"POL","EXCH","TOT","NATUSD","A","1998",3.4754,
"POL","EXCH","TOT","NATUSD","A","1999",3.967108,
"POL","EXCH","TOT","NATUSD","A","2000",4.346075,
"POL","EXCH","TOT","NATUSD","A","2001",4.0939,
"POL","EXCH","TOT","NATUSD","A","2002",4.080033,
"POL","EXCH","TOT","NATUSD","A","2003",3.889075,
"POL","EXCH","TOT","NATUSD","A","2004",3.657642,
"POL","EXCH","TOT","NATUSD","A","2005",3.235483,
"POL","EXCH","TOT","NATUSD","A","2006",3.103158,
"POL","EXCH","TOT","NATUSD","A","2007",2.76795,
"POL","EXCH","TOT","NATUSD","A","2008",2.409242,
"POL","EXCH","TOT","NATUSD","A","2009",3.120142,
"POL","EXCH","TOT","NATUSD","A","2010",3.0153,
"POL","EXCH","TOT","NATUSD","A","2011",2.962848,
"POL","EXCH","TOT","NATUSD","A","2012",3.256542,
"POL","EXCH","TOT","NATUSD","A","2013",3.160617,
"POL","EXCH","TOT","NATUSD","A","2014",3.154542,
"POL","EXCH","TOT","NATUSD","A","2015",3.7695,
"POL","EXCH","TOT","NATUSD","A","2016",3.942783,
"POL","EXCH","TOT","NATUSD","A","2017",3.779333,
"POL","EXCH","TOT","NATUSD","A","2018",3.611717,
"POL","EXCH","TOT","NATUSD","A","2019",3.839375,
"POL","EXCH","TOT","NATUSD","A","2020",3.899742,
"PRT","EXCH","TOT","NATUSD","A","1990",0.71106,
"PRT","EXCH","TOT","NATUSD","A","1991",0.720673,
"PRT","EXCH","TOT","NATUSD","A","1992",0.673366,
"PRT","EXCH","TOT","NATUSD","A","1993",0.802068,
"PRT","EXCH","TOT","NATUSD","A","1994",0.827968,
"PRT","EXCH","TOT","NATUSD","A","1995",0.753711,
"PRT","EXCH","TOT","NATUSD","A","1996",0.769364,
"PRT","EXCH","TOT","NATUSD","A","1997",0.874455,
"PRT","EXCH","TOT","NATUSD","A","1998",0.898357,
"PRT","EXCH","TOT","NATUSD","A","1999",0.938283,
"PRT","EXCH","TOT","NATUSD","A","2000",1.082705,
"PRT","EXCH","TOT","NATUSD","A","2001",1.116533,
"PRT","EXCH","TOT","NATUSD","A","2002",1.057559,
"PRT","EXCH","TOT","NATUSD","A","2003",0.884048,
"PRT","EXCH","TOT","NATUSD","A","2004",0.803922,
"PRT","EXCH","TOT","NATUSD","A","2005",0.8038,
"PRT","EXCH","TOT","NATUSD","A","2006",0.796433,
"PRT","EXCH","TOT","NATUSD","A","2007",0.729672,
"PRT","EXCH","TOT","NATUSD","A","2008",0.679923,
"PRT","EXCH","TOT","NATUSD","A","2009",0.716958,
"PRT","EXCH","TOT","NATUSD","A","2010",0.754309,
"PRT","EXCH","TOT","NATUSD","A","2011",0.718414,
"PRT","EXCH","TOT","NATUSD","A","2012",0.778338,
"PRT","EXCH","TOT","NATUSD","A","2013",0.752945,
"PRT","EXCH","TOT","NATUSD","A","2014",0.752728,
"PRT","EXCH","TOT","NATUSD","A","2015",0.901296,
"PRT","EXCH","TOT","NATUSD","A","2016",0.903421,
"PRT","EXCH","TOT","NATUSD","A","2017",0.885206,
"PRT","EXCH","TOT","NATUSD","A","2018",0.846773,
"PRT","EXCH","TOT","NATUSD","A","2019",0.893276,
"PRT","EXCH","TOT","NATUSD","A","2020",0.875506,
"SVK","EXCH","TOT","NATUSD","A","1993",1.021363,
"SVK","EXCH","TOT","NATUSD","A","1994",1.063694,
"SVK","EXCH","TOT","NATUSD","A","1995",0.986305,
"SVK","EXCH","TOT","NATUSD","A","1996",1.017518,
"SVK","EXCH","TOT","NATUSD","A","1997",1.115852,
"SVK","EXCH","TOT","NATUSD","A","1998",1.169535,
"SVK","EXCH","TOT","NATUSD","A","1999",1.372995,
"SVK","EXCH","TOT","NATUSD","A","2000",1.528088,
"SVK","EXCH","TOT","NATUSD","A","2001",1.605086,
"SVK","EXCH","TOT","NATUSD","A","2002",1.504572,
"SVK","EXCH","TOT","NATUSD","A","2003",1.220637,
"SVK","EXCH","TOT","NATUSD","A","2004",1.070733,
"SVK","EXCH","TOT","NATUSD","A","2005",1.029617,
"SVK","EXCH","TOT","NATUSD","A","2006",0.985768,
"SVK","EXCH","TOT","NATUSD","A","2007",0.819702,
"SVK","EXCH","TOT","NATUSD","A","2008",0.709069,
"SVK","EXCH","TOT","NATUSD","A","2009",0.716958,
"SVK","EXCH","TOT","NATUSD","A","2010",0.754309,
"SVK","EXCH","TOT","NATUSD","A","2011",0.718414,
"SVK","EXCH","TOT","NATUSD","A","2012",0.778338,
"SVK","EXCH","TOT","NATUSD","A","2013",0.752945,
"SVK","EXCH","TOT","NATUSD","A","2014",0.752728,
"SVK","EXCH","TOT","NATUSD","A","2015",0.901296,
"SVK","EXCH","TOT","NATUSD","A","2016",0.903421,
"SVK","EXCH","TOT","NATUSD","A","2017",0.885206,
"SVK","EXCH","TOT","NATUSD","A","2018",0.846773,
"SVK","EXCH","TOT","NATUSD","A","2019",0.893276,
"SVK","EXCH","TOT","NATUSD","A","2020",0.875506,
"ESP","EXCH","TOT","NATUSD","A","1990",0.612635,
"ESP","EXCH","TOT","NATUSD","A","1991",0.624521,
"ESP","EXCH","TOT","NATUSD","A","1992",0.615311,
"ESP","EXCH","TOT","NATUSD","A","1993",0.764851,
"ESP","EXCH","TOT","NATUSD","A","1994",0.805104,
"ESP","EXCH","TOT","NATUSD","A","1995",0.749396,
"ESP","EXCH","TOT","NATUSD","A","1996",0.761251,
"ESP","EXCH","TOT","NATUSD","A","1997",0.879964,
"ESP","EXCH","TOT","NATUSD","A","1998",0.897884,
"ESP","EXCH","TOT","NATUSD","A","1999",0.938283,
"ESP","EXCH","TOT","NATUSD","A","2000",1.082705,
"ESP","EXCH","TOT","NATUSD","A","2001",1.116533,
"ESP","EXCH","TOT","NATUSD","A","2002",1.057559,
"ESP","EXCH","TOT","NATUSD","A","2003",0.884048,
"ESP","EXCH","TOT","NATUSD","A","2004",0.803922,
"ESP","EXCH","TOT","NATUSD","A","2005",0.8038,
"ESP","EXCH","TOT","NATUSD","A","2006",0.796433,
"ESP","EXCH","TOT","NATUSD","A","2007",0.729672,
"ESP","EXCH","TOT","NATUSD","A","2008",0.679923,
"ESP","EXCH","TOT","NATUSD","A","2009",0.716958,
"ESP","EXCH","TOT","NATUSD","A","2010",0.754309,
"ESP","EXCH","TOT","NATUSD","A","2011",0.718414,
"ESP","EXCH","TOT","NATUSD","A","2012",0.778338,
"ESP","EXCH","TOT","NATUSD","A","2013",0.752945,
"ESP","EXCH","TOT","NATUSD","A","2014",0.752728,
"ESP","EXCH","TOT","NATUSD","A","2015",0.901296,
"ESP","EXCH","TOT","NATUSD","A","2016",0.903421,
"ESP","EXCH","TOT","NATUSD","A","2017",0.885206,
"ESP","EXCH","TOT","NATUSD","A","2018",0.846773,
"ESP","EXCH","TOT","NATUSD","A","2019",0.893276,
"ESP","EXCH","TOT","NATUSD","A","2020",0.875506,
"SWE","EXCH","TOT","NATUSD","A","1990",5.91879,
"SWE","EXCH","TOT","NATUSD","A","1991",6.047467,
"SWE","EXCH","TOT","NATUSD","A","1992",5.823833,
"SWE","EXCH","TOT","NATUSD","A","1993",7.783427,
"SWE","EXCH","TOT","NATUSD","A","1994",7.71597,
"SWE","EXCH","TOT","NATUSD","A","1995",7.133268,
"SWE","EXCH","TOT","NATUSD","A","1996",6.705956,
"SWE","EXCH","TOT","NATUSD","A","1997",7.634894,
"SWE","EXCH","TOT","NATUSD","A","1998",7.949868,
"SWE","EXCH","TOT","NATUSD","A","1999",8.262428,
"SWE","EXCH","TOT","NATUSD","A","2000",9.162244,
"SWE","EXCH","TOT","NATUSD","A","2001",10.329136,
"SWE","EXCH","TOT","NATUSD","A","2002",9.737123,
"SWE","EXCH","TOT","NATUSD","A","2003",8.086304,
"SWE","EXCH","TOT","NATUSD","A","2004",7.348887,
"SWE","EXCH","TOT","NATUSD","A","2005",7.473088,
"SWE","EXCH","TOT","NATUSD","A","2006",7.378249,
"SWE","EXCH","TOT","NATUSD","A","2007",6.75877,
"SWE","EXCH","TOT","NATUSD","A","2008",6.591099,
"SWE","EXCH","TOT","NATUSD","A","2009",7.653819,
"SWE","EXCH","TOT","NATUSD","A","2010",7.207524,
"SWE","EXCH","TOT","NATUSD","A","2011",6.493543,
"SWE","EXCH","TOT","NATUSD","A","2012",6.775016,
"SWE","EXCH","TOT","NATUSD","A","2013",6.513972,
"SWE","EXCH","TOT","NATUSD","A","2014",6.860785,
"SWE","EXCH","TOT","NATUSD","A","2015",8.434841,
"SWE","EXCH","TOT","NATUSD","A","2016",8.561992,
"SWE","EXCH","TOT","NATUSD","A","2017",8.548861,
"SWE","EXCH","TOT","NATUSD","A","2018",8.692518,
"SWE","EXCH","TOT","NATUSD","A","2019",9.458349,
"SWE","EXCH","TOT","NATUSD","A","2020",9.210309,
"CHE","EXCH","TOT","NATUSD","A","1990",1.389158,
"CHE","EXCH","TOT","NATUSD","A","1991",1.433992,
"CHE","EXCH","TOT","NATUSD","A","1992",1.406218,
"CHE","EXCH","TOT","NATUSD","A","1993",1.477617,
"CHE","EXCH","TOT","NATUSD","A","1994",1.367693,
"CHE","EXCH","TOT","NATUSD","A","1995",1.182469,
"CHE","EXCH","TOT","NATUSD","A","1996",1.23601,
"CHE","EXCH","TOT","NATUSD","A","1997",1.451313,
"CHE","EXCH","TOT","NATUSD","A","1998",1.449813,
"CHE","EXCH","TOT","NATUSD","A","1999",1.502155,
"CHE","EXCH","TOT","NATUSD","A","2000",1.688843,
"CHE","EXCH","TOT","NATUSD","A","2001",1.687615,
"CHE","EXCH","TOT","NATUSD","A","2002",1.558607,
"CHE","EXCH","TOT","NATUSD","A","2003",1.346651,
"CHE","EXCH","TOT","NATUSD","A","2004",1.243496,
"CHE","EXCH","TOT","NATUSD","A","2005",1.245177,
"CHE","EXCH","TOT","NATUSD","A","2006",1.253843,
"CHE","EXCH","TOT","NATUSD","A","2007",1.200366,
"CHE","EXCH","TOT","NATUSD","A","2008",1.08309,
"CHE","EXCH","TOT","NATUSD","A","2009",1.088142,
"CHE","EXCH","TOT","NATUSD","A","2010",1.042906,
"CHE","EXCH","TOT","NATUSD","A","2011",0.888042,
"CHE","EXCH","TOT","NATUSD","A","2012",0.937684,
"CHE","EXCH","TOT","NATUSD","A","2013",0.926904,
"CHE","EXCH","TOT","NATUSD","A","2014",0.916151,
"CHE","EXCH","TOT","NATUSD","A","2015",0.962381,
"CHE","EXCH","TOT","NATUSD","A","2016",0.985394,
"CHE","EXCH","TOT","NATUSD","A","2017",0.984692,
"CHE","EXCH","TOT","NATUSD","A","2018",0.977883,
"CHE","EXCH","TOT","NATUSD","A","2019",0.993775,
"CHE","EXCH","TOT","NATUSD","A","2020",0.938895,
"TUR","EXCH","TOT","NATUSD","A","1990",0.002609,
"TUR","EXCH","TOT","NATUSD","A","1991",0.004172,
"TUR","EXCH","TOT","NATUSD","A","1992",0.006872,
"TUR","EXCH","TOT","NATUSD","A","1993",0.010985,
"TUR","EXCH","TOT","NATUSD","A","1994",0.029609,
"TUR","EXCH","TOT","NATUSD","A","1995",0.045845,
"TUR","EXCH","TOT","NATUSD","A","1996",0.081405,
"TUR","EXCH","TOT","NATUSD","A","1997",0.151865,
"TUR","EXCH","TOT","NATUSD","A","1998",0.260724,
"TUR","EXCH","TOT","NATUSD","A","1999",0.418783,
"TUR","EXCH","TOT","NATUSD","A","2000",0.625219,
"TUR","EXCH","TOT","NATUSD","A","2001",1.225588,
"TUR","EXCH","TOT","NATUSD","A","2002",1.507226,
"TUR","EXCH","TOT","NATUSD","A","2003",1.500885,
"TUR","EXCH","TOT","NATUSD","A","2004",1.425537,
"TUR","EXCH","TOT","NATUSD","A","2005",1.343583,
"TUR","EXCH","TOT","NATUSD","A","2006",1.428453,
"TUR","EXCH","TOT","NATUSD","A","2007",1.302931,
"TUR","EXCH","TOT","NATUSD","A","2008",1.301522,
"TUR","EXCH","TOT","NATUSD","A","2009",1.54996,
"TUR","EXCH","TOT","NATUSD","A","2010",1.502849,
"TUR","EXCH","TOT","NATUSD","A","2011",1.674955,
"TUR","EXCH","TOT","NATUSD","A","2012",1.796001,
"TUR","EXCH","TOT","NATUSD","A","2013",1.903768,
"TUR","EXCH","TOT","NATUSD","A","2014",2.188542,
"TUR","EXCH","TOT","NATUSD","A","2015",2.720009,
"TUR","EXCH","TOT","NATUSD","A","2016",3.020135,
"TUR","EXCH","TOT","NATUSD","A","2017",3.648133,
"TUR","EXCH","TOT","NATUSD","A","2018",4.82837,
"TUR","EXCH","TOT","NATUSD","A","2019",5.673819,
"TUR","EXCH","TOT","NATUSD","A","2020",7.008605,
"GBR","EXCH","TOT","NATUSD","A","1990",0.563177,
"GBR","EXCH","TOT","NATUSD","A","1991",0.567015,
"GBR","EXCH","TOT","NATUSD","A","1992",0.569774,
"GBR","EXCH","TOT","NATUSD","A","1993",0.666757,
"GBR","EXCH","TOT","NATUSD","A","1994",0.653427,
"GBR","EXCH","TOT","NATUSD","A","1995",0.633668,
"GBR","EXCH","TOT","NATUSD","A","1996",0.640958,
"GBR","EXCH","TOT","NATUSD","A","1997",0.610836,
"GBR","EXCH","TOT","NATUSD","A","1998",0.603824,
"GBR","EXCH","TOT","NATUSD","A","1999",0.618057,
"GBR","EXCH","TOT","NATUSD","A","2000",0.660931,
"GBR","EXCH","TOT","NATUSD","A","2001",0.694655,
"GBR","EXCH","TOT","NATUSD","A","2002",0.667223,
"GBR","EXCH","TOT","NATUSD","A","2003",0.612472,
"GBR","EXCH","TOT","NATUSD","A","2004",0.54618,
"GBR","EXCH","TOT","NATUSD","A","2005",0.549998,
"GBR","EXCH","TOT","NATUSD","A","2006",0.543487,
"GBR","EXCH","TOT","NATUSD","A","2007",0.499772,
"GBR","EXCH","TOT","NATUSD","A","2008",0.543966,
"GBR","EXCH","TOT","NATUSD","A","2009",0.641919,
"GBR","EXCH","TOT","NATUSD","A","2010",0.647179,
"GBR","EXCH","TOT","NATUSD","A","2011",0.624141,
"GBR","EXCH","TOT","NATUSD","A","2012",0.633047,
"GBR","EXCH","TOT","NATUSD","A","2013",0.639661,
"GBR","EXCH","TOT","NATUSD","A","2014",0.60773,
"GBR","EXCH","TOT","NATUSD","A","2015",0.654545,
"GBR","EXCH","TOT","NATUSD","A","2016",0.740634,
"GBR","EXCH","TOT","NATUSD","A","2017",0.776977,
"GBR","EXCH","TOT","NATUSD","A","2018",0.749532,
"GBR","EXCH","TOT","NATUSD","A","2019",0.783445,
"GBR","EXCH","TOT","NATUSD","A","2020",0.78,
"USA","EXCH","TOT","NATUSD","A","1990",1,
"USA","EXCH","TOT","NATUSD","A","1991",1,
"USA","EXCH","TOT","NATUSD","A","1992",1,
"USA","EXCH","TOT","NATUSD","A","1993",1,
"USA","EXCH","TOT","NATUSD","A","1994",1,
"USA","EXCH","TOT","NATUSD","A","1995",1,
"USA","EXCH","TOT","NATUSD","A","1996",1,
"USA","EXCH","TOT","NATUSD","A","1997",1,
"USA","EXCH","TOT","NATUSD","A","1998",1,
"USA","EXCH","TOT","NATUSD","A","1999",1,
"USA","EXCH","TOT","NATUSD","A","2000",1,
"USA","EXCH","TOT","NATUSD","A","2001",1,
"USA","EXCH","TOT","NATUSD","A","2002",1,
"USA","EXCH","TOT","NATUSD","A","2003",1,
"USA","EXCH","TOT","NATUSD","A","2004",1,
"USA","EXCH","TOT","NATUSD","A","2005",1,
"USA","EXCH","TOT","NATUSD","A","2006",1,
"USA","EXCH","TOT","NATUSD","A","2007",1,
"USA","EXCH","TOT","NATUSD","A","2008",1,
"USA","EXCH","TOT","NATUSD","A","2009",1,
"USA","EXCH","TOT","NATUSD","A","2010",1,
"USA","EXCH","TOT","NATUSD","A","2011",1,
"USA","EXCH","TOT","NATUSD","A","2012",1,
"USA","EXCH","TOT","NATUSD","A","2013",1,
"USA","EXCH","TOT","NATUSD","A","2014",1,
"USA","EXCH","TOT","NATUSD","A","2015",1,
"USA","EXCH","TOT","NATUSD","A","2016",1,
"USA","EXCH","TOT","NATUSD","A","2017",1,
"USA","EXCH","TOT","NATUSD","A","2018",1,
"USA","EXCH","TOT","NATUSD","A","2019",1,
"USA","EXCH","TOT","NATUSD","A","2020",1,
"BRA","EXCH","TOT","NATUSD","A","1990",0.00003,
"BRA","EXCH","TOT","NATUSD","A","1991",0.000176,
"BRA","EXCH","TOT","NATUSD","A","1992",0.001953,
"BRA","EXCH","TOT","NATUSD","A","1993",0.038277,
"BRA","EXCH","TOT","NATUSD","A","1994",0.664684,
"BRA","EXCH","TOT","NATUSD","A","1995",0.917667,
"BRA","EXCH","TOT","NATUSD","A","1996",1.0051,
"BRA","EXCH","TOT","NATUSD","A","1997",1.077992,
"BRA","EXCH","TOT","NATUSD","A","1998",1.160517,
"BRA","EXCH","TOT","NATUSD","A","1999",1.813933,
"BRA","EXCH","TOT","NATUSD","A","2000",1.829423,
"BRA","EXCH","TOT","NATUSD","A","2001",2.349632,
"BRA","EXCH","TOT","NATUSD","A","2002",2.920363,
"BRA","EXCH","TOT","NATUSD","A","2003",3.077475,
"BRA","EXCH","TOT","NATUSD","A","2004",2.925119,
"BRA","EXCH","TOT","NATUSD","A","2005",2.43439,
"BRA","EXCH","TOT","NATUSD","A","2006",2.175327,
"BRA","EXCH","TOT","NATUSD","A","2007",1.947058,
"BRA","EXCH","TOT","NATUSD","A","2008",1.833767,
"BRA","EXCH","TOT","NATUSD","A","2009",1.999428,
"BRA","EXCH","TOT","NATUSD","A","2010",1.759227,
"BRA","EXCH","TOT","NATUSD","A","2011",1.672829,
"BRA","EXCH","TOT","NATUSD","A","2012",1.953069,
"BRA","EXCH","TOT","NATUSD","A","2013",2.156089,
"BRA","EXCH","TOT","NATUSD","A","2014",2.352952,
"BRA","EXCH","TOT","NATUSD","A","2015",3.326904,
"BRA","EXCH","TOT","NATUSD","A","2016",3.491313,
"BRA","EXCH","TOT","NATUSD","A","2017",3.191389,
"BRA","EXCH","TOT","NATUSD","A","2018",3.653825,
"BRA","EXCH","TOT","NATUSD","A","2019",3.944471,
"BRA","EXCH","TOT","NATUSD","A","2020",5.155179,
"CHL","EXCH","TOT","NATUSD","A","1990",304.903333,
"CHL","EXCH","TOT","NATUSD","A","1991",349.215833,
"CHL","EXCH","TOT","NATUSD","A","1992",362.575833,
"CHL","EXCH","TOT","NATUSD","A","1993",404.165833,
"CHL","EXCH","TOT","NATUSD","A","1994",420.176667,
"CHL","EXCH","TOT","NATUSD","A","1995",396.773333,
"CHL","EXCH","TOT","NATUSD","A","1996",412.266667,
"CHL","EXCH","TOT","NATUSD","A","1997",419.295,
"CHL","EXCH","TOT","NATUSD","A","1998",460.2875,
"CHL","EXCH","TOT","NATUSD","A","1999",508.776667,
"CHL","EXCH","TOT","NATUSD","A","2000",539.5875,
"CHL","EXCH","TOT","NATUSD","A","2001",634.938333,
"CHL","EXCH","TOT","NATUSD","A","2002",688.936667,
"CHL","EXCH","TOT","NATUSD","A","2003",691.3975,
"CHL","EXCH","TOT","NATUSD","A","2004",609.529167,
"CHL","EXCH","TOT","NATUSD","A","2005",559.7675,
"CHL","EXCH","TOT","NATUSD","A","2006",530.275,
"CHL","EXCH","TOT","NATUSD","A","2007",522.464167,
"CHL","EXCH","TOT","NATUSD","A","2008",522.461036,
"CHL","EXCH","TOT","NATUSD","A","2009",560.859895,
"CHL","EXCH","TOT","NATUSD","A","2010",510.249167,
"CHL","EXCH","TOT","NATUSD","A","2011",483.6675,
"CHL","EXCH","TOT","NATUSD","A","2012",486.471303,
"CHL","EXCH","TOT","NATUSD","A","2013",495.272878,
"CHL","EXCH","TOT","NATUSD","A","2014",570.348216,
"CHL","EXCH","TOT","NATUSD","A","2015",654.124084,
"CHL","EXCH","TOT","NATUSD","A","2016",676.957736,
"CHL","EXCH","TOT","NATUSD","A","2017",648.833793,
"CHL","EXCH","TOT","NATUSD","A","2018",641.276813,
"CHL","EXCH","TOT","NATUSD","A","2019",702.897423,
"CHL","EXCH","TOT","NATUSD","A","2020",792.727206,
"CHN","EXCH","TOT","NATUSD","A","1990",4.783208,
"CHN","EXCH","TOT","NATUSD","A","1991",5.323392,
"CHN","EXCH","TOT","NATUSD","A","1992",5.514592,
"CHN","EXCH","TOT","NATUSD","A","1993",5.761958,
"CHN","EXCH","TOT","NATUSD","A","1994",8.618743,
"CHN","EXCH","TOT","NATUSD","A","1995",8.351417,
"CHN","EXCH","TOT","NATUSD","A","1996",8.314175,
"CHN","EXCH","TOT","NATUSD","A","1997",8.289817,
"CHN","EXCH","TOT","NATUSD","A","1998",8.278958,
"CHN","EXCH","TOT","NATUSD","A","1999",8.27825,
"CHN","EXCH","TOT","NATUSD","A","2000",8.278504,
"CHN","EXCH","TOT","NATUSD","A","2001",8.277068,
"CHN","EXCH","TOT","NATUSD","A","2002",8.276958,
"CHN","EXCH","TOT","NATUSD","A","2003",8.277037,
"CHN","EXCH","TOT","NATUSD","A","2004",8.276801,
"CHN","EXCH","TOT","NATUSD","A","2005",8.194317,
"CHN","EXCH","TOT","NATUSD","A","2006",7.973438,
"CHN","EXCH","TOT","NATUSD","A","2007",7.607532,
"CHN","EXCH","TOT","NATUSD","A","2008",6.948655,
"CHN","EXCH","TOT","NATUSD","A","2009",6.831416,
"CHN","EXCH","TOT","NATUSD","A","2010",6.770269,
"CHN","EXCH","TOT","NATUSD","A","2011",6.461461,
"CHN","EXCH","TOT","NATUSD","A","2012",6.312333,
"CHN","EXCH","TOT","NATUSD","A","2013",6.195758,
"CHN","EXCH","TOT","NATUSD","A","2014",6.143434,
"CHN","EXCH","TOT","NATUSD","A","2015",6.227489,
"CHN","EXCH","TOT","NATUSD","A","2016",6.644478,
"CHN","EXCH","TOT","NATUSD","A","2017",6.758755,
"CHN","EXCH","TOT","NATUSD","A","2018",6.615957,
"CHN","EXCH","TOT","NATUSD","A","2019",6.908385,
"CHN","EXCH","TOT","NATUSD","A","2020",6.900767,
"COL","EXCH","TOT","NATUSD","A","1990",502.25925,
"COL","EXCH","TOT","NATUSD","A","1991",633.045167,
"COL","EXCH","TOT","NATUSD","A","1992",759.282,
"COL","EXCH","TOT","NATUSD","A","1993",863.064683,
"COL","EXCH","TOT","NATUSD","A","1994",844.83589,
"COL","EXCH","TOT","NATUSD","A","1995",912.826415,
"COL","EXCH","TOT","NATUSD","A","1996",1036.686417,
"COL","EXCH","TOT","NATUSD","A","1997",1140.962942,
"COL","EXCH","TOT","NATUSD","A","1998",1426.037458,
"COL","EXCH","TOT","NATUSD","A","1999",1756.230848,
"COL","EXCH","TOT","NATUSD","A","2000",2087.903842,
"COL","EXCH","TOT","NATUSD","A","2001",2299.633156,
"COL","EXCH","TOT","NATUSD","A","2002",2504.241331,
"COL","EXCH","TOT","NATUSD","A","2003",2877.652458,
"COL","EXCH","TOT","NATUSD","A","2004",2628.612903,
"COL","EXCH","TOT","NATUSD","A","2005",2320.834177,
"COL","EXCH","TOT","NATUSD","A","2006",2361.139407,
"COL","EXCH","TOT","NATUSD","A","2007",2078.291837,
"COL","EXCH","TOT","NATUSD","A","2008",1967.711309,
"COL","EXCH","TOT","NATUSD","A","2009",2158.255903,
"COL","EXCH","TOT","NATUSD","A","2010",1898.569636,
"COL","EXCH","TOT","NATUSD","A","2011",1848.13947,
"COL","EXCH","TOT","NATUSD","A","2012",1796.895912,
"COL","EXCH","TOT","NATUSD","A","2013",1868.785327,
"COL","EXCH","TOT","NATUSD","A","2014",2001.781048,
"COL","EXCH","TOT","NATUSD","A","2015",2741.880855,
"COL","EXCH","TOT","NATUSD","A","2016",3054.121673,
"COL","EXCH","TOT","NATUSD","A","2017",2951.327402,
"COL","EXCH","TOT","NATUSD","A","2018",2955.70397,
"COL","EXCH","TOT","NATUSD","A","2019",3280.831631,
"COL","EXCH","TOT","NATUSD","A","2020",3694.854072,
"EST","EXCH","TOT","NATUSD","A","1993",0.845088,
"EST","EXCH","TOT","NATUSD","A","1994",0.830292,
"EST","EXCH","TOT","NATUSD","A","1995",0.732731,
"EST","EXCH","TOT","NATUSD","A","1996",0.769368,
"EST","EXCH","TOT","NATUSD","A","1997",0.887206,
"EST","EXCH","TOT","NATUSD","A","1998",0.899535,
"EST","EXCH","TOT","NATUSD","A","1999",0.938069,
"EST","EXCH","TOT","NATUSD","A","2000",1.084494,
"EST","EXCH","TOT","NATUSD","A","2001",1.117052,
"EST","EXCH","TOT","NATUSD","A","2002",1.061687,
"EST","EXCH","TOT","NATUSD","A","2003",0.885586,
"EST","EXCH","TOT","NATUSD","A","2004",0.805003,
"EST","EXCH","TOT","NATUSD","A","2005",0.804251,
"EST","EXCH","TOT","NATUSD","A","2006",0.79669,
"EST","EXCH","TOT","NATUSD","A","2007",0.730756,
"EST","EXCH","TOT","NATUSD","A","2008",0.683499,
"EST","EXCH","TOT","NATUSD","A","2009",0.719481,
"EST","EXCH","TOT","NATUSD","A","2010",0.754595,
"EST","EXCH","TOT","NATUSD","A","2011",0.718414,
"EST","EXCH","TOT","NATUSD","A","2012",0.778338,
"EST","EXCH","TOT","NATUSD","A","2013",0.752945,
"EST","EXCH","TOT","NATUSD","A","2014",0.752728,
"EST","EXCH","TOT","NATUSD","A","2015",0.901296,
"EST","EXCH","TOT","NATUSD","A","2016",0.903421,
"EST","EXCH","TOT","NATUSD","A","2017",0.885206,
"EST","EXCH","TOT","NATUSD","A","2018",0.846773,
"EST","EXCH","TOT","NATUSD","A","2019",0.893276,
"EST","EXCH","TOT","NATUSD","A","2020",0.875506,
"IND","EXCH","TOT","NATUSD","A","1990",17.5035,
"IND","EXCH","TOT","NATUSD","A","1991",22.742433,
"IND","EXCH","TOT","NATUSD","A","1992",25.918083,
"IND","EXCH","TOT","NATUSD","A","1993",30.493292,
"IND","EXCH","TOT","NATUSD","A","1994",31.373742,
"IND","EXCH","TOT","NATUSD","A","1995",32.427077,
"IND","EXCH","TOT","NATUSD","A","1996",35.433173,
"IND","EXCH","TOT","NATUSD","A","1997",36.313286,
"IND","EXCH","TOT","NATUSD","A","1998",41.259365,
"IND","EXCH","TOT","NATUSD","A","1999",43.055428,
"IND","EXCH","TOT","NATUSD","A","2000",44.941605,
"IND","EXCH","TOT","NATUSD","A","2001",47.186414,
"IND","EXCH","TOT","NATUSD","A","2002",48.610319,
"IND","EXCH","TOT","NATUSD","A","2003",46.583284,
"IND","EXCH","TOT","NATUSD","A","2004",45.316467,
"IND","EXCH","TOT","NATUSD","A","2005",44.099975,
"IND","EXCH","TOT","NATUSD","A","2006",45.307008,
"IND","EXCH","TOT","NATUSD","A","2007",41.348533,
"IND","EXCH","TOT","NATUSD","A","2008",43.505183,
"IND","EXCH","TOT","NATUSD","A","2009",48.405267,
"IND","EXCH","TOT","NATUSD","A","2010",45.725812,
"IND","EXCH","TOT","NATUSD","A","2011",46.670467,
"IND","EXCH","TOT","NATUSD","A","2012",53.437233,
"IND","EXCH","TOT","NATUSD","A","2013",58.597845,
"IND","EXCH","TOT","NATUSD","A","2014",61.029514,
"IND","EXCH","TOT","NATUSD","A","2015",64.151944,
"IND","EXCH","TOT","NATUSD","A","2016",67.195313,
"IND","EXCH","TOT","NATUSD","A","2017",65.121569,
"IND","EXCH","TOT","NATUSD","A","2018",68.389467,
"IND","EXCH","TOT","NATUSD","A","2019",70.420341,
"IND","EXCH","TOT","NATUSD","A","2020",74.104917,
"IDN","EXCH","TOT","NATUSD","A","1990",1842.813333,
"IDN","EXCH","TOT","NATUSD","A","1991",1950.3175,
"IDN","EXCH","TOT","NATUSD","A","1992",2029.920833,
"IDN","EXCH","TOT","NATUSD","A","1993",2087.103867,
"IDN","EXCH","TOT","NATUSD","A","1994",2160.753675,
"IDN","EXCH","TOT","NATUSD","A","1995",2248.607975,
"IDN","EXCH","TOT","NATUSD","A","1996",2342.296292,
"IDN","EXCH","TOT","NATUSD","A","1997",2909.38,
"IDN","EXCH","TOT","NATUSD","A","1998",10013.6225,
"IDN","EXCH","TOT","NATUSD","A","1999",7855.15,
"IDN","EXCH","TOT","NATUSD","A","2000",8421.775,
"IDN","EXCH","TOT","NATUSD","A","2001",10260.85,
"IDN","EXCH","TOT","NATUSD","A","2002",9311.191667,
"IDN","EXCH","TOT","NATUSD","A","2003",8577.133333,
"IDN","EXCH","TOT","NATUSD","A","2004",8938.85,
"IDN","EXCH","TOT","NATUSD","A","2005",9704.741667,
"IDN","EXCH","TOT","NATUSD","A","2006",9159.316667,
"IDN","EXCH","TOT","NATUSD","A","2007",9141,
"IDN","EXCH","TOT","NATUSD","A","2008",9698.9625,
"IDN","EXCH","TOT","NATUSD","A","2009",10389.9375,
"IDN","EXCH","TOT","NATUSD","A","2010",9090.433333,
"IDN","EXCH","TOT","NATUSD","A","2011",8770.433333,
"IDN","EXCH","TOT","NATUSD","A","2012",9386.629167,
"IDN","EXCH","TOT","NATUSD","A","2013",10461.24,
"IDN","EXCH","TOT","NATUSD","A","2014",11865.211296,
"IDN","EXCH","TOT","NATUSD","A","2015",13389.412937,
"IDN","EXCH","TOT","NATUSD","A","2016",13308.326802,
"IDN","EXCH","TOT","NATUSD","A","2017",13380.833879,
"IDN","EXCH","TOT","NATUSD","A","2018",14236.938773,
"IDN","EXCH","TOT","NATUSD","A","2019",14147.671361,
"IDN","EXCH","TOT","NATUSD","A","2020",14582.203468,
"ISR","EXCH","TOT","NATUSD","A","1990",2.016175,
"ISR","EXCH","TOT","NATUSD","A","1991",2.279108,
"ISR","EXCH","TOT","NATUSD","A","1992",2.459083,
"ISR","EXCH","TOT","NATUSD","A","1993",2.830083,
"ISR","EXCH","TOT","NATUSD","A","1994",3.011055,
"ISR","EXCH","TOT","NATUSD","A","1995",3.011292,
"ISR","EXCH","TOT","NATUSD","A","1996",3.19165,
"ISR","EXCH","TOT","NATUSD","A","1997",3.44935,
"ISR","EXCH","TOT","NATUSD","A","1998",3.800075,
"ISR","EXCH","TOT","NATUSD","A","1999",4.139717,
"ISR","EXCH","TOT","NATUSD","A","2000",4.077333,
"ISR","EXCH","TOT","NATUSD","A","2001",4.20565,
"ISR","EXCH","TOT","NATUSD","A","2002",4.737825,
"ISR","EXCH","TOT","NATUSD","A","2003",4.554133,
"ISR","EXCH","TOT","NATUSD","A","2004",4.481983,
"ISR","EXCH","TOT","NATUSD","A","2005",4.4877,
"ISR","EXCH","TOT","NATUSD","A","2006",4.455808,
"ISR","EXCH","TOT","NATUSD","A","2007",4.108083,
"ISR","EXCH","TOT","NATUSD","A","2008",3.588021,
"ISR","EXCH","TOT","NATUSD","A","2009",3.932335,
"ISR","EXCH","TOT","NATUSD","A","2010",3.738975,
"ISR","EXCH","TOT","NATUSD","A","2011",3.578129,
"ISR","EXCH","TOT","NATUSD","A","2012",3.855922,
"ISR","EXCH","TOT","NATUSD","A","2013",3.610758,
"ISR","EXCH","TOT","NATUSD","A","2014",3.577925,
"ISR","EXCH","TOT","NATUSD","A","2015",3.886833,
"ISR","EXCH","TOT","NATUSD","A","2016",3.840567,
"ISR","EXCH","TOT","NATUSD","A","2017",3.599556,
"ISR","EXCH","TOT","NATUSD","A","2018",3.590558,
"ISR","EXCH","TOT","NATUSD","A","2019",3.564527,
"ISR","EXCH","TOT","NATUSD","A","2020",3.442406,
"RUS","EXCH","TOT","NATUSD","A","1993",0.991667,
"RUS","EXCH","TOT","NATUSD","A","1994",2.19075,
"RUS","EXCH","TOT","NATUSD","A","1995",4.55915,
"RUS","EXCH","TOT","NATUSD","A","1996",5.120833,
"RUS","EXCH","TOT","NATUSD","A","1997",5.784833,
"RUS","EXCH","TOT","NATUSD","A","1998",9.705083,
"RUS","EXCH","TOT","NATUSD","A","1999",24.6199,
"RUS","EXCH","TOT","NATUSD","A","2000",28.129167,
"RUS","EXCH","TOT","NATUSD","A","2001",29.168525,
"RUS","EXCH","TOT","NATUSD","A","2002",31.348483,
"RUS","EXCH","TOT","NATUSD","A","2003",30.692025,
"RUS","EXCH","TOT","NATUSD","A","2004",28.813742,
"RUS","EXCH","TOT","NATUSD","A","2005",28.284442,
"RUS","EXCH","TOT","NATUSD","A","2006",27.190958,
"RUS","EXCH","TOT","NATUSD","A","2007",25.580845,
"RUS","EXCH","TOT","NATUSD","A","2008",24.852875,
"RUS","EXCH","TOT","NATUSD","A","2009",31.740358,
"RUS","EXCH","TOT","NATUSD","A","2010",30.367915,
"RUS","EXCH","TOT","NATUSD","A","2011",29.382341,
"RUS","EXCH","TOT","NATUSD","A","2012",30.839831,
"RUS","EXCH","TOT","NATUSD","A","2013",31.837144,
"RUS","EXCH","TOT","NATUSD","A","2014",38.378207,
"RUS","EXCH","TOT","NATUSD","A","2015",60.93765,
"RUS","EXCH","TOT","NATUSD","A","2016",67.055933,
"RUS","EXCH","TOT","NATUSD","A","2017",58.342801,
"RUS","EXCH","TOT","NATUSD","A","2018",62.668133,
"RUS","EXCH","TOT","NATUSD","A","2019",64.737658,
"RUS","EXCH","TOT","NATUSD","A","2020",72.104908,
"SVN","EXCH","TOT","NATUSD","A","1991",0.115053,
"SVN","EXCH","TOT","NATUSD","A","1992",0.339205,
"SVN","EXCH","TOT","NATUSD","A","1993",0.47255,
"SVN","EXCH","TOT","NATUSD","A","1994",0.537509,
"SVN","EXCH","TOT","NATUSD","A","1995",0.494569,
"SVN","EXCH","TOT","NATUSD","A","1996",0.564865,
"SVN","EXCH","TOT","NATUSD","A","1997",0.666368,
"SVN","EXCH","TOT","NATUSD","A","1998",0.693266,
"SVN","EXCH","TOT","NATUSD","A","1999",0.758509,
"SVN","EXCH","TOT","NATUSD","A","2000",0.929127,
"SVN","EXCH","TOT","NATUSD","A","2001",1.012973,
"SVN","EXCH","TOT","NATUSD","A","2002",1.002538,
"SVN","EXCH","TOT","NATUSD","A","2003",0.86427,
"SVN","EXCH","TOT","NATUSD","A","2004",0.802792,
"SVN","EXCH","TOT","NATUSD","A","2005",0.804146,
"SVN","EXCH","TOT","NATUSD","A","2006",0.797147,
"SVN","EXCH","TOT","NATUSD","A","2007",0.729672,
"SVN","EXCH","TOT","NATUSD","A","2008",0.679923,
"SVN","EXCH","TOT","NATUSD","A","2009",0.716958,
"SVN","EXCH","TOT","NATUSD","A","2010",0.754309,
"SVN","EXCH","TOT","NATUSD","A","2011",0.718414,
"SVN","EXCH","TOT","NATUSD","A","2012",0.778338,
"SVN","EXCH","TOT","NATUSD","A","2013",0.752945,
"SVN","EXCH","TOT","NATUSD","A","2014",0.752728,
"SVN","EXCH","TOT","NATUSD","A","2015",0.901296,
"SVN","EXCH","TOT","NATUSD","A","2016",0.903421,
"SVN","EXCH","TOT","NATUSD","A","2017",0.885206,
"SVN","EXCH","TOT","NATUSD","A","2018",0.846773,
"SVN","EXCH","TOT","NATUSD","A","2019",0.893276,
"SVN","EXCH","TOT","NATUSD","A","2020",0.875506,
"ZAF","EXCH","TOT","NATUSD","A","1990",2.587321,
"ZAF","EXCH","TOT","NATUSD","A","1991",2.761315,
"ZAF","EXCH","TOT","NATUSD","A","1992",2.852014,
"ZAF","EXCH","TOT","NATUSD","A","1993",3.267742,
"ZAF","EXCH","TOT","NATUSD","A","1994",3.550798,
"ZAF","EXCH","TOT","NATUSD","A","1995",3.627085,
"ZAF","EXCH","TOT","NATUSD","A","1996",4.299349,
"ZAF","EXCH","TOT","NATUSD","A","1997",4.607962,
"ZAF","EXCH","TOT","NATUSD","A","1998",5.528284,
"ZAF","EXCH","TOT","NATUSD","A","1999",6.109484,
"ZAF","EXCH","TOT","NATUSD","A","2000",6.939828,
"ZAF","EXCH","TOT","NATUSD","A","2001",8.609181,
"ZAF","EXCH","TOT","NATUSD","A","2002",10.540747,
"ZAF","EXCH","TOT","NATUSD","A","2003",7.564749,
"ZAF","EXCH","TOT","NATUSD","A","2004",6.459693,
"ZAF","EXCH","TOT","NATUSD","A","2005",6.359328,
"ZAF","EXCH","TOT","NATUSD","A","2006",6.771549,
"ZAF","EXCH","TOT","NATUSD","A","2007",7.045365,
"ZAF","EXCH","TOT","NATUSD","A","2008",8.261223,
"ZAF","EXCH","TOT","NATUSD","A","2009",8.473674,
"ZAF","EXCH","TOT","NATUSD","A","2010",7.321222,
"ZAF","EXCH","TOT","NATUSD","A","2011",7.261132,
"ZAF","EXCH","TOT","NATUSD","A","2012",8.209969,
"ZAF","EXCH","TOT","NATUSD","A","2013",9.655056,
"ZAF","EXCH","TOT","NATUSD","A","2014",10.852656,
"ZAF","EXCH","TOT","NATUSD","A","2015",12.758931,
"ZAF","EXCH","TOT","NATUSD","A","2016",14.709611,
"ZAF","EXCH","TOT","NATUSD","A","2017",13.323801,
"ZAF","EXCH","TOT","NATUSD","A","2018",13.233926,
"ZAF","EXCH","TOT","NATUSD","A","2019",14.448427,
"ZAF","EXCH","TOT","NATUSD","A","2020",16.473187,
"DEW","EXCH","TOT","NATUSD","A","1990",0.82611,
"DEW","EXCH","TOT","NATUSD","A","1991",0.848509,
"DEW","EXCH","TOT","NATUSD","A","1992",0.798459,
"DEW","EXCH","TOT","NATUSD","A","1993",0.845329,
"DEW","EXCH","TOT","NATUSD","A","1994",0.829719,
"DEW","EXCH","TOT","NATUSD","A","1995",0.732748,
"LVA","EXCH","TOT","NATUSD","A","1992",1.047898,
"LVA","EXCH","TOT","NATUSD","A","1993",0.960913,
"LVA","EXCH","TOT","NATUSD","A","1994",0.796452,
"LVA","EXCH","TOT","NATUSD","A","1995",0.750683,
"LVA","EXCH","TOT","NATUSD","A","1996",0.783647,
"LVA","EXCH","TOT","NATUSD","A","1997",0.82657,
"LVA","EXCH","TOT","NATUSD","A","1998",0.839257,
"LVA","EXCH","TOT","NATUSD","A","1999",0.832617,
"LVA","EXCH","TOT","NATUSD","A","2000",0.862972,
"LVA","EXCH","TOT","NATUSD","A","2001",0.893445,
"LVA","EXCH","TOT","NATUSD","A","2002",0.879607,
"LVA","EXCH","TOT","NATUSD","A","2003",0.813136,
"LVA","EXCH","TOT","NATUSD","A","2004",0.768683,
"LVA","EXCH","TOT","NATUSD","A","2005",0.803519,
"LVA","EXCH","TOT","NATUSD","A","2006",0.797389,
"LVA","EXCH","TOT","NATUSD","A","2007",0.73106,
"LVA","EXCH","TOT","NATUSD","A","2008",0.68414,
"LVA","EXCH","TOT","NATUSD","A","2009",0.719333,
"LVA","EXCH","TOT","NATUSD","A","2010",0.754798,
"LVA","EXCH","TOT","NATUSD","A","2011",0.713191,
"LVA","EXCH","TOT","NATUSD","A","2012",0.778133,
"LVA","EXCH","TOT","NATUSD","A","2013",0.753256,
"LVA","EXCH","TOT","NATUSD","A","2014",0.752728,
"LVA","EXCH","TOT","NATUSD","A","2015",0.901296,
"LVA","EXCH","TOT","NATUSD","A","2016",0.903421,
"LVA","EXCH","TOT","NATUSD","A","2017",0.885206,
"LVA","EXCH","TOT","NATUSD","A","2018",0.846773,
"LVA","EXCH","TOT","NATUSD","A","2019",0.893276,
"LVA","EXCH","TOT","NATUSD","A","2020",0.875506,
"LTU","EXCH","TOT","NATUSD","A","1992",0.513424,
"LTU","EXCH","TOT","NATUSD","A","1993",1.258128,
"LTU","EXCH","TOT","NATUSD","A","1994",1.152036,
"LTU","EXCH","TOT","NATUSD","A","1995",1.15848,
"LTU","EXCH","TOT","NATUSD","A","1996",1.15848,
"LTU","EXCH","TOT","NATUSD","A","1997",1.15848,
"LTU","EXCH","TOT","NATUSD","A","1998",1.15848,
"LTU","EXCH","TOT","NATUSD","A","1999",1.15848,
"LTU","EXCH","TOT","NATUSD","A","2000",1.15848,
"LTU","EXCH","TOT","NATUSD","A","2001",1.15848,
"LTU","EXCH","TOT","NATUSD","A","2002",1.064921,
"LTU","EXCH","TOT","NATUSD","A","2003",0.886488,
"LTU","EXCH","TOT","NATUSD","A","2004",0.805315,
"LTU","EXCH","TOT","NATUSD","A","2005",0.803413,
"LTU","EXCH","TOT","NATUSD","A","2006",0.797099,
"LTU","EXCH","TOT","NATUSD","A","2007",0.730921,
"LTU","EXCH","TOT","NATUSD","A","2008",0.682656,
"LTU","EXCH","TOT","NATUSD","A","2009",0.719426,
"LTU","EXCH","TOT","NATUSD","A","2010",0.754846,
"LTU","EXCH","TOT","NATUSD","A","2011",0.718576,
"LTU","EXCH","TOT","NATUSD","A","2012",0.778004,
"LTU","EXCH","TOT","NATUSD","A","2013",0.753304,
"LTU","EXCH","TOT","NATUSD","A","2014",0.753097,
"LTU","EXCH","TOT","NATUSD","A","2015",0.901296,
"LTU","EXCH","TOT","NATUSD","A","2016",0.903421,
"LTU","EXCH","TOT","NATUSD","A","2017",0.885206,
"LTU","EXCH","TOT","NATUSD","A","2018",0.846773,
"LTU","EXCH","TOT","NATUSD","A","2019",0.893276,
"LTU","EXCH","TOT","NATUSD","A","2020",0.875506,
"SAU","EXCH","TOT","NATUSD","A","1990",3.75,
"SAU","EXCH","TOT","NATUSD","A","1991",3.75,
"SAU","EXCH","TOT","NATUSD","A","1992",3.75,
"SAU","EXCH","TOT","NATUSD","A","1993",3.75,
"SAU","EXCH","TOT","NATUSD","A","1994",3.75,
"SAU","EXCH","TOT","NATUSD","A","1995",3.75,
"SAU","EXCH","TOT","NATUSD","A","1996",3.75,
"SAU","EXCH","TOT","NATUSD","A","1997",3.75,
"SAU","EXCH","TOT","NATUSD","A","1998",3.75,
"SAU","EXCH","TOT","NATUSD","A","1999",3.75,
"SAU","EXCH","TOT","NATUSD","A","2000",3.75,
"SAU","EXCH","TOT","NATUSD","A","2001",3.75,
"SAU","EXCH","TOT","NATUSD","A","2002",3.75,
"SAU","EXCH","TOT","NATUSD","A","2003",3.75,
"SAU","EXCH","TOT","NATUSD","A","2004",3.75,
"SAU","EXCH","TOT","NATUSD","A","2005",3.75,
"SAU","EXCH","TOT","NATUSD","A","2006",3.75,
"SAU","EXCH","TOT","NATUSD","A","2007",3.75,
"SAU","EXCH","TOT","NATUSD","A","2008",3.75,
"SAU","EXCH","TOT","NATUSD","A","2009",3.75,
"SAU","EXCH","TOT","NATUSD","A","2010",3.75,
"SAU","EXCH","TOT","NATUSD","A","2011",3.75,
"SAU","EXCH","TOT","NATUSD","A","2012",3.75,
"SAU","EXCH","TOT","NATUSD","A","2013",3.75,
"SAU","EXCH","TOT","NATUSD","A","2014",3.75,
"SAU","EXCH","TOT","NATUSD","A","2015",3.75,
"SAU","EXCH","TOT","NATUSD","A","2016",3.75,
"SAU","EXCH","TOT","NATUSD","A","2017",3.75,
"SAU","EXCH","TOT","NATUSD","A","2018",3.75,
"SAU","EXCH","TOT","NATUSD","A","2019",3.75,
"SAU","EXCH","TOT","NATUSD","A","2020",3.75,
"EA19","EXCH","TOT","NATUSD","A","1995",0.76452,
"EA19","EXCH","TOT","NATUSD","A","1996",0.787557,
"EA19","EXCH","TOT","NATUSD","A","1997",0.881803,
"EA19","EXCH","TOT","NATUSD","A","1998",0.891989,
"EA19","EXCH","TOT","NATUSD","A","1999",0.938283,
"EA19","EXCH","TOT","NATUSD","A","2000",1.082705,
"EA19","EXCH","TOT","NATUSD","A","2001",1.116533,
"EA19","EXCH","TOT","NATUSD","A","2002",1.057559,
"EA19","EXCH","TOT","NATUSD","A","2003",0.884048,
"EA19","EXCH","TOT","NATUSD","A","2004",0.803922,
"EA19","EXCH","TOT","NATUSD","A","2005",0.8038,
"EA19","EXCH","TOT","NATUSD","A","2006",0.796433,
"EA19","EXCH","TOT","NATUSD","A","2007",0.729672,
"EA19","EXCH","TOT","NATUSD","A","2008",0.679923,
"EA19","EXCH","TOT","NATUSD","A","2009",0.716958,
"EA19","EXCH","TOT","NATUSD","A","2010",0.754309,
"EA19","EXCH","TOT","NATUSD","A","2011",0.718414,
"EA19","EXCH","TOT","NATUSD","A","2012",0.778338,
"EA19","EXCH","TOT","NATUSD","A","2013",0.752945,
"EA19","EXCH","TOT","NATUSD","A","2014",0.752728,
"EA19","EXCH","TOT","NATUSD","A","2015",0.901296,
"EA19","EXCH","TOT","NATUSD","A","2016",0.903421,
"EA19","EXCH","TOT","NATUSD","A","2017",0.885206,
"EA19","EXCH","TOT","NATUSD","A","2018",0.846773,
"EA19","EXCH","TOT","NATUSD","A","2019",0.893276,
"EA19","EXCH","TOT","NATUSD","A","2020",0.875506,
"ARG","EXCH","TOT","NATUSD","A","1990",0.487589,
"ARG","EXCH","TOT","NATUSD","A","1991",0.953554,
"ARG","EXCH","TOT","NATUSD","A","1992",0.990642,
"ARG","EXCH","TOT","NATUSD","A","1993",0.998946,
"ARG","EXCH","TOT","NATUSD","A","1994",0.999008,
"ARG","EXCH","TOT","NATUSD","A","1995",0.99975,
"ARG","EXCH","TOT","NATUSD","A","1996",0.999663,
"ARG","EXCH","TOT","NATUSD","A","1997",0.9995,
"ARG","EXCH","TOT","NATUSD","A","1998",0.9995,
"ARG","EXCH","TOT","NATUSD","A","1999",0.9995,
"ARG","EXCH","TOT","NATUSD","A","2000",0.9995,
"ARG","EXCH","TOT","NATUSD","A","2001",0.9995,
"ARG","EXCH","TOT","NATUSD","A","2002",3.063257,
"ARG","EXCH","TOT","NATUSD","A","2003",2.900629,
"ARG","EXCH","TOT","NATUSD","A","2004",2.923301,
"ARG","EXCH","TOT","NATUSD","A","2005",2.903658,
"ARG","EXCH","TOT","NATUSD","A","2006",3.054313,
"ARG","EXCH","TOT","NATUSD","A","2007",3.095649,
"ARG","EXCH","TOT","NATUSD","A","2008",3.144165,
"ARG","EXCH","TOT","NATUSD","A","2009",3.710107,
"ARG","EXCH","TOT","NATUSD","A","2010",3.896295,
"ARG","EXCH","TOT","NATUSD","A","2011",4.11014,
"ARG","EXCH","TOT","NATUSD","A","2012",4.536934,
"ARG","EXCH","TOT","NATUSD","A","2013",5.459353,
"ARG","EXCH","TOT","NATUSD","A","2014",8.075276,
"ARG","EXCH","TOT","NATUSD","A","2015",9.233186,
"ARG","EXCH","TOT","NATUSD","A","2016",14.758175,
"ARG","EXCH","TOT","NATUSD","A","2017",16.562707,
"ARG","EXCH","TOT","NATUSD","A","2018",28.094992,
"ARG","EXCH","TOT","NATUSD","A","2019",48.147892,
"ARG","EXCH","TOT","NATUSD","A","2020",70.539167,
"CRI","EXCH","TOT","NATUSD","A","1990",91.579292,
"CRI","EXCH","TOT","NATUSD","A","1991",122.432417,
"CRI","EXCH","TOT","NATUSD","A","1992",134.506333,
"CRI","EXCH","TOT","NATUSD","A","1993",142.171667,
"CRI","EXCH","TOT","NATUSD","A","1994",157.066667,
"CRI","EXCH","TOT","NATUSD","A","1995",179.729167,
"CRI","EXCH","TOT","NATUSD","A","1996",207.689167,
"CRI","EXCH","TOT","NATUSD","A","1997",232.5975,
"CRI","EXCH","TOT","NATUSD","A","1998",257.229167,
"CRI","EXCH","TOT","NATUSD","A","1999",285.684695,
"CRI","EXCH","TOT","NATUSD","A","2000",308.186667,
"CRI","EXCH","TOT","NATUSD","A","2001",328.870833,
"CRI","EXCH","TOT","NATUSD","A","2002",359.817527,
"CRI","EXCH","TOT","NATUSD","A","2003",398.662222,
"CRI","EXCH","TOT","NATUSD","A","2004",437.935,
"CRI","EXCH","TOT","NATUSD","A","2005",477.786741,
"CRI","EXCH","TOT","NATUSD","A","2006",511.301818,
"CRI","EXCH","TOT","NATUSD","A","2007",516.61739,
"CRI","EXCH","TOT","NATUSD","A","2008",526.235513,
"CRI","EXCH","TOT","NATUSD","A","2009",573.287957,
"CRI","EXCH","TOT","NATUSD","A","2010",525.829201,
"CRI","EXCH","TOT","NATUSD","A","2011",505.66424,
"CRI","EXCH","TOT","NATUSD","A","2012",502.901462,
"CRI","EXCH","TOT","NATUSD","A","2013",499.766833,
"CRI","EXCH","TOT","NATUSD","A","2014",538.3172,
"CRI","EXCH","TOT","NATUSD","A","2015",534.56577,
"CRI","EXCH","TOT","NATUSD","A","2016",544.739367,
"CRI","EXCH","TOT","NATUSD","A","2017",567.51309,
"CRI","EXCH","TOT","NATUSD","A","2018",576.972501,
"CRI","EXCH","TOT","NATUSD","A","2019",587.294596,
"CRI","EXCH","TOT","NATUSD","A","2020",584.900855,
"BGR","EXCH","TOT","NATUSD","A","1990",0.00219,
"BGR","EXCH","TOT","NATUSD","A","1991",0.017788,
"BGR","EXCH","TOT","NATUSD","A","1992",0.023341,
"BGR","EXCH","TOT","NATUSD","A","1993",0.027594,
"BGR","EXCH","TOT","NATUSD","A","1994",0.054134,
"BGR","EXCH","TOT","NATUSD","A","1995",0.067171,
"BGR","EXCH","TOT","NATUSD","A","1996",0.177889,
"BGR","EXCH","TOT","NATUSD","A","1997",1.681879,
"BGR","EXCH","TOT","NATUSD","A","1998",1.760358,
"BGR","EXCH","TOT","NATUSD","A","1999",1.836383,
"BGR","EXCH","TOT","NATUSD","A","2000",2.123275,
"BGR","EXCH","TOT","NATUSD","A","2001",2.184708,
"BGR","EXCH","TOT","NATUSD","A","2002",2.076975,
"BGR","EXCH","TOT","NATUSD","A","2003",1.732702,
"BGR","EXCH","TOT","NATUSD","A","2004",1.575109,
"BGR","EXCH","TOT","NATUSD","A","2005",1.574133,
"BGR","EXCH","TOT","NATUSD","A","2006",1.559267,
"BGR","EXCH","TOT","NATUSD","A","2007",1.42905,
"BGR","EXCH","TOT","NATUSD","A","2008",1.337117,
"BGR","EXCH","TOT","NATUSD","A","2009",1.406692,
"BGR","EXCH","TOT","NATUSD","A","2010",1.477392,
"BGR","EXCH","TOT","NATUSD","A","2011",1.406458,
"BGR","EXCH","TOT","NATUSD","A","2012",1.52205,
"BGR","EXCH","TOT","NATUSD","A","2013",1.473567,
"BGR","EXCH","TOT","NATUSD","A","2014",1.474183,
"BGR","EXCH","TOT","NATUSD","A","2015",1.7644,
"BGR","EXCH","TOT","NATUSD","A","2016",1.768042,
"BGR","EXCH","TOT","NATUSD","A","2017",1.735458,
"BGR","EXCH","TOT","NATUSD","A","2018",1.657042,
"BGR","EXCH","TOT","NATUSD","A","2019",1.747042,
"BGR","EXCH","TOT","NATUSD","A","2020",1.716333,
"HRV","EXCH","TOT","NATUSD","A","1992",0.263298,
"HRV","EXCH","TOT","NATUSD","A","1993",3.579149,
"HRV","EXCH","TOT","NATUSD","A","1994",5.998011,
"HRV","EXCH","TOT","NATUSD","A","1995",5.230756,
"HRV","EXCH","TOT","NATUSD","A","1996",5.434161,
"HRV","EXCH","TOT","NATUSD","A","1997",6.160583,
"HRV","EXCH","TOT","NATUSD","A","1998",6.363286,
"HRV","EXCH","TOT","NATUSD","A","1999",7.111743,
"HRV","EXCH","TOT","NATUSD","A","2000",8.277666,
"HRV","EXCH","TOT","NATUSD","A","2001",8.341541,
"HRV","EXCH","TOT","NATUSD","A","2002",7.871683,
"HRV","EXCH","TOT","NATUSD","A","2003",6.704969,
"HRV","EXCH","TOT","NATUSD","A","2004",6.034341,
"HRV","EXCH","TOT","NATUSD","A","2005",5.949237,
"HRV","EXCH","TOT","NATUSD","A","2006",5.837793,
"HRV","EXCH","TOT","NATUSD","A","2007",5.364536,
"HRV","EXCH","TOT","NATUSD","A","2008",4.93504,
"HRV","EXCH","TOT","NATUSD","A","2009",5.283946,
"HRV","EXCH","TOT","NATUSD","A","2010",5.498011,
"HRV","EXCH","TOT","NATUSD","A","2011",5.34387,
"HRV","EXCH","TOT","NATUSD","A","2012",5.850292,
"HRV","EXCH","TOT","NATUSD","A","2013",5.70488,
"HRV","EXCH","TOT","NATUSD","A","2014",5.748165,
"HRV","EXCH","TOT","NATUSD","A","2015",6.858304,
"HRV","EXCH","TOT","NATUSD","A","2016",6.80599,
"HRV","EXCH","TOT","NATUSD","A","2017",6.623831,
"HRV","EXCH","TOT","NATUSD","A","2018",6.279025,
"HRV","EXCH","TOT","NATUSD","A","2019",6.622545,
"HRV","EXCH","TOT","NATUSD","A","2020",6.614056,
"CYP","EXCH","TOT","NATUSD","A","1990",0.782676,
"CYP","EXCH","TOT","NATUSD","A","1991",0.793523,
"CYP","EXCH","TOT","NATUSD","A","1992",0.768099,
"CYP","EXCH","TOT","NATUSD","A","1993",0.849867,
"CYP","EXCH","TOT","NATUSD","A","1994",0.840958,
"CYP","EXCH","TOT","NATUSD","A","1995",0.773006,
"CYP","EXCH","TOT","NATUSD","A","1996",0.79674,
"CYP","EXCH","TOT","NATUSD","A","1997",0.878046,
"CYP","EXCH","TOT","NATUSD","A","1998",0.884758,
"CYP","EXCH","TOT","NATUSD","A","1999",0.927681,
"CYP","EXCH","TOT","NATUSD","A","2000",1.063449,
"CYP","EXCH","TOT","NATUSD","A","2001",1.098814,
"CYP","EXCH","TOT","NATUSD","A","2002",1.043375,
"CYP","EXCH","TOT","NATUSD","A","2003",0.884104,
"CYP","EXCH","TOT","NATUSD","A","2004",0.800652,
"CYP","EXCH","TOT","NATUSD","A","2005",0.792912,
"CYP","EXCH","TOT","NATUSD","A","2006",0.784104,
"CYP","EXCH","TOT","NATUSD","A","2007",0.728078,
"CYP","EXCH","TOT","NATUSD","A","2008",0.679923,
"CYP","EXCH","TOT","NATUSD","A","2009",0.716958,
"CYP","EXCH","TOT","NATUSD","A","2010",0.754309,
"CYP","EXCH","TOT","NATUSD","A","2011",0.718414,
"CYP","EXCH","TOT","NATUSD","A","2012",0.778338,
"CYP","EXCH","TOT","NATUSD","A","2013",0.752945,
"CYP","EXCH","TOT","NATUSD","A","2014",0.752728,
"CYP","EXCH","TOT","NATUSD","A","2015",0.901296,
"CYP","EXCH","TOT","NATUSD","A","2016",0.903421,
"CYP","EXCH","TOT","NATUSD","A","2017",0.885206,
"CYP","EXCH","TOT","NATUSD","A","2018",0.846773,
"CYP","EXCH","TOT","NATUSD","A","2019",0.893276,
"CYP","EXCH","TOT","NATUSD","A","2020",0.875506,
"MLT","EXCH","TOT","NATUSD","A","1990",0.740252,
"MLT","EXCH","TOT","NATUSD","A","1991",0.752952,
"MLT","EXCH","TOT","NATUSD","A","1992",0.742892,
"MLT","EXCH","TOT","NATUSD","A","1993",0.890495,
"MLT","EXCH","TOT","NATUSD","A","1994",0.880319,
"MLT","EXCH","TOT","NATUSD","A","1995",0.822406,
"MLT","EXCH","TOT","NATUSD","A","1996",0.839636,
"MLT","EXCH","TOT","NATUSD","A","1997",0.899059,
"MLT","EXCH","TOT","NATUSD","A","1998",0.904867,
"MLT","EXCH","TOT","NATUSD","A","1999",0.929183,
"MLT","EXCH","TOT","NATUSD","A","2000",1.020615,
"MLT","EXCH","TOT","NATUSD","A","2001",1.048315,
"MLT","EXCH","TOT","NATUSD","A","2002",1.010064,
"MLT","EXCH","TOT","NATUSD","A","2003",0.878717,
"MLT","EXCH","TOT","NATUSD","A","2004",0.802849,
"MLT","EXCH","TOT","NATUSD","A","2005",0.805445,
"MLT","EXCH","TOT","NATUSD","A","2006",0.794069,
"MLT","EXCH","TOT","NATUSD","A","2007",0.726007,
"MLT","EXCH","TOT","NATUSD","A","2008",0.679923,
"MLT","EXCH","TOT","NATUSD","A","2009",0.716958,
"MLT","EXCH","TOT","NATUSD","A","2010",0.754309,
"MLT","EXCH","TOT","NATUSD","A","2011",0.718414,
"MLT","EXCH","TOT","NATUSD","A","2012",0.778338,
"MLT","EXCH","TOT","NATUSD","A","2013",0.752945,
"MLT","EXCH","TOT","NATUSD","A","2014",0.752728,
"MLT","EXCH","TOT","NATUSD","A","2015",0.901296,
"MLT","EXCH","TOT","NATUSD","A","2016",0.903421,
"MLT","EXCH","TOT","NATUSD","A","2017",0.885206,
"MLT","EXCH","TOT","NATUSD","A","2018",0.846773,
"MLT","EXCH","TOT","NATUSD","A","2019",0.893276,
"MLT","EXCH","TOT","NATUSD","A","2020",0.875506,
"PER","EXCH","TOT","NATUSD","A","1990",0.187886,
"PER","EXCH","TOT","NATUSD","A","1991",0.7725,
"PER","EXCH","TOT","NATUSD","A","1992",1.245833,
"PER","EXCH","TOT","NATUSD","A","1993",1.988319,
"PER","EXCH","TOT","NATUSD","A","1994",2.195,
"PER","EXCH","TOT","NATUSD","A","1995",2.253333,
"PER","EXCH","TOT","NATUSD","A","1996",2.453333,
"PER","EXCH","TOT","NATUSD","A","1997",2.664167,
"PER","EXCH","TOT","NATUSD","A","1998",2.93,
"PER","EXCH","TOT","NATUSD","A","1999",3.383333,
"PER","EXCH","TOT","NATUSD","A","2000",3.49,
"PER","EXCH","TOT","NATUSD","A","2001",3.506833,
"PER","EXCH","TOT","NATUSD","A","2002",3.5165,
"PER","EXCH","TOT","NATUSD","A","2003",3.478467,
"PER","EXCH","TOT","NATUSD","A","2004",3.413175,
"PER","EXCH","TOT","NATUSD","A","2005",3.295842,
"PER","EXCH","TOT","NATUSD","A","2006",3.274033,
"PER","EXCH","TOT","NATUSD","A","2007",3.128045,
"PER","EXCH","TOT","NATUSD","A","2008",2.924408,
"PER","EXCH","TOT","NATUSD","A","2009",3.011508,
"PER","EXCH","TOT","NATUSD","A","2010",2.825125,
"PER","EXCH","TOT","NATUSD","A","2011",2.7541,
"PER","EXCH","TOT","NATUSD","A","2012",2.637586,
"PER","EXCH","TOT","NATUSD","A","2013",2.701899,
"PER","EXCH","TOT","NATUSD","A","2014",2.839044,
"PER","EXCH","TOT","NATUSD","A","2015",3.184439,
"PER","EXCH","TOT","NATUSD","A","2016",3.375062,
"PER","EXCH","TOT","NATUSD","A","2017",3.260488,
"PER","EXCH","TOT","NATUSD","A","2018",3.286603,
"PER","EXCH","TOT","NATUSD","A","2019",3.337266,
"ROU","EXCH","TOT","NATUSD","A","1990",0.002243,
"ROU","EXCH","TOT","NATUSD","A","1991",0.007639,
"ROU","EXCH","TOT","NATUSD","A","1992",0.030795,
"ROU","EXCH","TOT","NATUSD","A","1993",0.076005,
"ROU","EXCH","TOT","NATUSD","A","1994",0.165509,
"ROU","EXCH","TOT","NATUSD","A","1995",0.203328,
"ROU","EXCH","TOT","NATUSD","A","1996",0.308422,
"ROU","EXCH","TOT","NATUSD","A","1997",0.716794,
"ROU","EXCH","TOT","NATUSD","A","1998",0.887558,
"ROU","EXCH","TOT","NATUSD","A","1999",1.533284,
"ROU","EXCH","TOT","NATUSD","A","2000",2.170872,
"ROU","EXCH","TOT","NATUSD","A","2001",2.906079,
"ROU","EXCH","TOT","NATUSD","A","2002",3.305543,
"ROU","EXCH","TOT","NATUSD","A","2003",3.320007,
"ROU","EXCH","TOT","NATUSD","A","2004",3.263657,
"ROU","EXCH","TOT","NATUSD","A","2005",2.913653,
"ROU","EXCH","TOT","NATUSD","A","2006",2.808983,
"ROU","EXCH","TOT","NATUSD","A","2007",2.43825,
"ROU","EXCH","TOT","NATUSD","A","2008",2.518858,
"ROU","EXCH","TOT","NATUSD","A","2009",3.049325,
"ROU","EXCH","TOT","NATUSD","A","2010",3.1779,
"ROU","EXCH","TOT","NATUSD","A","2011",3.048608,
"ROU","EXCH","TOT","NATUSD","A","2012",3.4682,
"ROU","EXCH","TOT","NATUSD","A","2013",3.327917,
"ROU","EXCH","TOT","NATUSD","A","2014",3.349175,
"ROU","EXCH","TOT","NATUSD","A","2015",4.005667,
"ROU","EXCH","TOT","NATUSD","A","2016",4.059183,
"ROU","EXCH","TOT","NATUSD","A","2017",4.052492,
"ROU","EXCH","TOT","NATUSD","A","2018",3.941617,
"ROU","EXCH","TOT","NATUSD","A","2019",4.237925,
"ROU","EXCH","TOT","NATUSD","A","2020",4.243992,
"MKD","EXCH","TOT","NATUSD","A","1994",43.263183,
"MKD","EXCH","TOT","NATUSD","A","1995",37.881758,
"MKD","EXCH","TOT","NATUSD","A","1996",39.981075,
"MKD","EXCH","TOT","NATUSD","A","1997",50.00355,
"MKD","EXCH","TOT","NATUSD","A","1998",54.461733,
"MKD","EXCH","TOT","NATUSD","A","1999",56.901828,
"MKD","EXCH","TOT","NATUSD","A","2000",65.903867,
"MKD","EXCH","TOT","NATUSD","A","2001",68.037133,
"MKD","EXCH","TOT","NATUSD","A","2002",64.349792,
"MKD","EXCH","TOT","NATUSD","A","2003",54.322258,
"MKD","EXCH","TOT","NATUSD","A","2004",49.409933,
"MKD","EXCH","TOT","NATUSD","A","2005",49.283683,
"MKD","EXCH","TOT","NATUSD","A","2006",48.801767,
"MKD","EXCH","TOT","NATUSD","A","2007",44.729817,
"MKD","EXCH","TOT","NATUSD","A","2008",41.867683,
"MKD","EXCH","TOT","NATUSD","A","2009",44.100575,
"MKD","EXCH","TOT","NATUSD","A","2010",46.485392,
"MKD","EXCH","TOT","NATUSD","A","2011",44.230825,
"MKD","EXCH","TOT","NATUSD","A","2012",47.89025,
"MKD","EXCH","TOT","NATUSD","A","2013",46.395342,
"MKD","EXCH","TOT","NATUSD","A","2014",46.437131,
"MKD","EXCH","TOT","NATUSD","A","2015",55.537075,
"MKD","EXCH","TOT","NATUSD","A","2016",55.731725,
"MKD","EXCH","TOT","NATUSD","A","2017",54.665458,
"MKD","EXCH","TOT","NATUSD","A","2018",52.107108,
"MKD","EXCH","TOT","NATUSD","A","2019",54.9472,
"MKD","EXCH","TOT","NATUSD","A","2020",54.144325,
"MDG","EXCH","TOT","NATUSD","A","1990",298.829333,
"MDG","EXCH","TOT","NATUSD","A","1991",367.072,
"MDG","EXCH","TOT","NATUSD","A","1992",372.793333,
"MDG","EXCH","TOT","NATUSD","A","1993",382.7565,
"MDG","EXCH","TOT","NATUSD","A","1994",613.467167,
"MDG","EXCH","TOT","NATUSD","A","1995",853.126333,
"MDG","EXCH","TOT","NATUSD","A","1996",812.250333,
"MDG","EXCH","TOT","NATUSD","A","1997",1018.177167,
"MDG","EXCH","TOT","NATUSD","A","1998",1088.279667,
"MDG","EXCH","TOT","NATUSD","A","1999",1256.755,
"MDG","EXCH","TOT","NATUSD","A","2000",1353.496167,
"MDG","EXCH","TOT","NATUSD","A","2001",1317.698833,
"MDG","EXCH","TOT","NATUSD","A","2002",1366.391167,
"MDG","EXCH","TOT","NATUSD","A","2003",1238.327667,
"MDG","EXCH","TOT","NATUSD","A","2004",1868.857833,
"MDG","EXCH","TOT","NATUSD","A","2005",2003.025833,
"MDG","EXCH","TOT","NATUSD","A","2006",2142.301667,
"MDG","EXCH","TOT","NATUSD","A","2007",1873.876667,
"MDG","EXCH","TOT","NATUSD","A","2008",1708.370833,
"MDG","EXCH","TOT","NATUSD","A","2009",1956.205833,
"MDG","EXCH","TOT","NATUSD","A","2010",2089.95,
"MDG","EXCH","TOT","NATUSD","A","2011",2025.1175,
"MDG","EXCH","TOT","NATUSD","A","2012",2194.966667,
"MDG","EXCH","TOT","NATUSD","A","2013",2206.914167,
"MDG","EXCH","TOT","NATUSD","A","2014",2414.811667,
"MDG","EXCH","TOT","NATUSD","A","2015",2933.508333,
"MDG","EXCH","TOT","NATUSD","A","2016",3176.539167,
"MDG","EXCH","TOT","NATUSD","A","2017",3116.11,
"MDG","EXCH","TOT","NATUSD","A","2018",3334.752255,
"MAR","EXCH","TOT","NATUSD","A","1990",8.242342,
"MAR","EXCH","TOT","NATUSD","A","1991",8.70655,
"MAR","EXCH","TOT","NATUSD","A","1992",8.537875,
"MAR","EXCH","TOT","NATUSD","A","1993",9.298709,
"MAR","EXCH","TOT","NATUSD","A","1994",9.202715,
"MAR","EXCH","TOT","NATUSD","A","1995",8.540236,
"MAR","EXCH","TOT","NATUSD","A","1996",8.715876,
"MAR","EXCH","TOT","NATUSD","A","1997",9.527107,
"MAR","EXCH","TOT","NATUSD","A","1998",9.604416,
"MAR","EXCH","TOT","NATUSD","A","1999",9.804419,
"MAR","EXCH","TOT","NATUSD","A","2000",10.625636,
"MAR","EXCH","TOT","NATUSD","A","2001",11.302975,
"MAR","EXCH","TOT","NATUSD","A","2002",11.020583,
"MAR","EXCH","TOT","NATUSD","A","2003",9.574383,
"MAR","EXCH","TOT","NATUSD","A","2004",8.868017,
"MAR","EXCH","TOT","NATUSD","A","2005",8.865008,
"MAR","EXCH","TOT","NATUSD","A","2006",8.795583,
"MAR","EXCH","TOT","NATUSD","A","2007",8.192333,
"MAR","EXCH","TOT","NATUSD","A","2008",7.750325,
"MAR","EXCH","TOT","NATUSD","A","2009",8.0571,
"MAR","EXCH","TOT","NATUSD","A","2010",8.417158,
"MAR","EXCH","TOT","NATUSD","A","2011",8.089875,
"MAR","EXCH","TOT","NATUSD","A","2012",8.628445,
"MAR","EXCH","TOT","NATUSD","A","2013",8.405504,
"MAR","EXCH","TOT","NATUSD","A","2014",8.406337,
"MAR","EXCH","TOT","NATUSD","A","2015",9.764348,
"MAR","EXCH","TOT","NATUSD","A","2016",9.807476,
"MAR","EXCH","TOT","NATUSD","A","2017",9.691998,
"MAR","EXCH","TOT","NATUSD","A","2018",9.386102,
"ZMB","EXCH","TOT","NATUSD","A","1990",0.030289,
"ZMB","EXCH","TOT","NATUSD","A","1991",0.06464,
"ZMB","EXCH","TOT","NATUSD","A","1992",0.172214,
"ZMB","EXCH","TOT","NATUSD","A","1993",0.452763,
"ZMB","EXCH","TOT","NATUSD","A","1994",0.669371,
"ZMB","EXCH","TOT","NATUSD","A","1995",0.864119,
"ZMB","EXCH","TOT","NATUSD","A","1996",1.2079,
"ZMB","EXCH","TOT","NATUSD","A","1997",1.314498,
"ZMB","EXCH","TOT","NATUSD","A","1998",1.862069,
"ZMB","EXCH","TOT","NATUSD","A","1999",2.388019,
"ZMB","EXCH","TOT","NATUSD","A","2000",3.110844,
"ZMB","EXCH","TOT","NATUSD","A","2001",3.610935,
"ZMB","EXCH","TOT","NATUSD","A","2002",4.398595,
"ZMB","EXCH","TOT","NATUSD","A","2003",4.733271,
"ZMB","EXCH","TOT","NATUSD","A","2004",4.778875,
"ZMB","EXCH","TOT","NATUSD","A","2005",4.465,
"ZMB","EXCH","TOT","NATUSD","A","2006",3.601667,
"ZMB","EXCH","TOT","NATUSD","A","2007",4.001667,
"ZMB","EXCH","TOT","NATUSD","A","2008",3.745,
"ZMB","EXCH","TOT","NATUSD","A","2009",5.045,
"ZMB","EXCH","TOT","NATUSD","A","2010",4.7975,
"ZMB","EXCH","TOT","NATUSD","A","2011",4.861667,
"ZMB","EXCH","TOT","NATUSD","A","2012",5.1475,
"ZMB","EXCH","TOT","NATUSD","A","2013",5.396483,
"ZMB","EXCH","TOT","NATUSD","A","2014",6.154167,
"ZMB","EXCH","TOT","NATUSD","A","2015",8.631667,
"ZMB","EXCH","TOT","NATUSD","A","2016",10.3075,
"ZMB","EXCH","TOT","NATUSD","A","2017",9.517803,
"ZMB","EXCH","TOT","NATUSD","A","2018",10.458143,
"ZMB","EXCH","TOT","NATUSD","A","2019",12.89,
"ZMB","EXCH","TOT","NATUSD","A","2020",18.331226,
"SRB","EXCH","TOT","NATUSD","A","1997",5.9123,
"SRB","EXCH","TOT","NATUSD","A","1998",10.0308,
"SRB","EXCH","TOT","NATUSD","A","1999",11.6615,
"SRB","EXCH","TOT","NATUSD","A","2000",63.1659,
"SRB","EXCH","TOT","NATUSD","A","2001",66.91366,
"SRB","EXCH","TOT","NATUSD","A","2002",64.398251,
"SRB","EXCH","TOT","NATUSD","A","2003",57.585425,
"SRB","EXCH","TOT","NATUSD","A","2004",58.3814,
"SRB","EXCH","TOT","NATUSD","A","2005",66.713808,
"SRB","EXCH","TOT","NATUSD","A","2006",67.145817,
"SRB","EXCH","TOT","NATUSD","A","2007",58.453525,
"SRB","EXCH","TOT","NATUSD","A","2008",55.723483,
"SRB","EXCH","TOT","NATUSD","A","2009",67.5806,
"SRB","EXCH","TOT","NATUSD","A","2010",77.728933,
"SRB","EXCH","TOT","NATUSD","A","2011",73.3334,
"SRB","EXCH","TOT","NATUSD","A","2012",87.9733,
"SRB","EXCH","TOT","NATUSD","A","2013",85.15885,
"SRB","EXCH","TOT","NATUSD","A","2014",88.405308,
"SRB","EXCH","TOT","NATUSD","A","2015",108.811425,
"SRB","EXCH","TOT","NATUSD","A","2016",111.27785,
"SRB","EXCH","TOT","NATUSD","A","2017",107.75885,
"SRB","EXCH","TOT","NATUSD","A","2018",100.175075,
"HKG","EXCH","TOT","NATUSD","A","1990",7.78975,
"HKG","EXCH","TOT","NATUSD","A","1991",7.771167,
"HKG","EXCH","TOT","NATUSD","A","1992",7.740583,
"HKG","EXCH","TOT","NATUSD","A","1993",7.735583,
"HKG","EXCH","TOT","NATUSD","A","1994",7.728417,
"HKG","EXCH","TOT","NATUSD","A","1995",7.735833,
"HKG","EXCH","TOT","NATUSD","A","1996",7.734254,
"HKG","EXCH","TOT","NATUSD","A","1997",7.742083,
"HKG","EXCH","TOT","NATUSD","A","1998",7.745333,
"HKG","EXCH","TOT","NATUSD","A","1999",7.7575,
"HKG","EXCH","TOT","NATUSD","A","2000",7.791167,
"HKG","EXCH","TOT","NATUSD","A","2001",7.79875,
"HKG","EXCH","TOT","NATUSD","A","2002",7.798917,
"HKG","EXCH","TOT","NATUSD","A","2003",7.78675,
"HKG","EXCH","TOT","NATUSD","A","2004",7.788,
"HKG","EXCH","TOT","NATUSD","A","2005",7.777333,
"HKG","EXCH","TOT","NATUSD","A","2006",7.767833,
"HKG","EXCH","TOT","NATUSD","A","2007",7.801417,
"HKG","EXCH","TOT","NATUSD","A","2008",7.786833,
"HKG","EXCH","TOT","NATUSD","A","2009",7.75175,
"HKG","EXCH","TOT","NATUSD","A","2010",7.769167,
"HKG","EXCH","TOT","NATUSD","A","2011",7.784,
"HKG","EXCH","TOT","NATUSD","A","2012",7.756417,
"HKG","EXCH","TOT","NATUSD","A","2013",7.756,
"HKG","EXCH","TOT","NATUSD","A","2014",7.754083,
"HKG","EXCH","TOT","NATUSD","A","2015",7.75175,
"HKG","EXCH","TOT","NATUSD","A","2016",7.76225,
"HKG","EXCH","TOT","NATUSD","A","2017",7.79325,
"HKG","EXCH","TOT","NATUSD","A","2018",7.8385,
"EU27_2020","EXCH","TOT","NATUSD","A","1995",0.76452,
"EU27_2020","EXCH","TOT","NATUSD","A","1996",0.787557,
"EU27_2020","EXCH","TOT","NATUSD","A","1997",0.881803,
"EU27_2020","EXCH","TOT","NATUSD","A","1998",0.891989,
"EU27_2020","EXCH","TOT","NATUSD","A","1999",0.938283,
"EU27_2020","EXCH","TOT","NATUSD","A","2000",1.082705,
"EU27_2020","EXCH","TOT","NATUSD","A","2001",1.116533,
"EU27_2020","EXCH","TOT","NATUSD","A","2002",1.057559,
"EU27_2020","EXCH","TOT","NATUSD","A","2003",0.884048,
"EU27_2020","EXCH","TOT","NATUSD","A","2004",0.803922,
"EU27_2020","EXCH","TOT","NATUSD","A","2005",0.8038,
"EU27_2020","EXCH","TOT","NATUSD","A","2006",0.796433,
"EU27_2020","EXCH","TOT","NATUSD","A","2007",0.729672,
"EU27_2020","EXCH","TOT","NATUSD","A","2008",0.679923,
"EU27_2020","EXCH","TOT","NATUSD","A","2009",0.716958,
"EU27_2020","EXCH","TOT","NATUSD","A","2010",0.754309,
"EU27_2020","EXCH","TOT","NATUSD","A","2011",0.718414,
"EU27_2020","EXCH","TOT","NATUSD","A","2012",0.778338,
"EU27_2020","EXCH","TOT","NATUSD","A","2013",0.752945,
"EU27_2020","EXCH","TOT","NATUSD","A","2014",0.752728,
"EU27_2020","EXCH","TOT","NATUSD","A","2015",0.901296,
"EU27_2020","EXCH","TOT","NATUSD","A","2016",0.903421,
"EU27_2020","EXCH","TOT","NATUSD","A","2017",0.885206,
"EU27_2020","EXCH","TOT","NATUSD","A","2018",0.846773,
"EU27_2020","EXCH","TOT","NATUSD","A","2019",0.893276,
"EU27_2020","EXCH","TOT","NATUSD","A","2020",0.875506,
